,quantile
1,1.934908357
2,0.408561768
3,0.405268406
4,1.248458536
5,0.874845978
6,1.070040308
7,0.96011271
8,1.292908817
9,0.747793456
10,0.888825549
11,1.505480335
12,0.561610149
13,1.076862646
14,1.18666426
15,1.019229004
16,0.815845656
17,0.867449575
18,0.876293224
19,0.261872645
20,1.261942945
21,1.140171125
22,0.71066858
23,1.258942699
24,1.267801948
25,1.053740263
26,1.303701063
27,0.993806015
28,1.101305711
29,0.207951664
30,0.375459352
31,0.85539777
32,1.070718228
33,0.303477385
34,2.520711925
35,0.599270624
36,1.287116306
37,1.563994206
38,1.245181517
39,0.850133647
40,0.871954158
41,0.535121746
42,0.723961883
43,0.598885388
44,1.314712541
45,1.57957749
46,1.244357118
47,1.217812101
48,1.813483833
49,0.581464259
50,0.544145133
51,1.064305678
52,0.624538461
53,1.524980511
54,1.889058557
55,0.497946522
56,0.509122118
57,1.550119045
58,1.519000324
59,0.489823814
60,1.074089336
61,0.775781488
62,0.720439489
63,0.793000813
64,1.178329429
65,0.537252605
66,1.149388949
67,0.365776459
68,0.902223188
69,1.968430209
70,1.150408808
71,0.881789585
72,0.186469918
73,1.464956059
74,0.690267552
75,1.234803357
76,1.271162628
77,0.892655795
78,0.592829467
79,1.232455974
80,1.091671415
81,1.176922446
82,0.407768311
83,1.517780684
84,0.712410119
85,1.783888489
86,1.989389774
87,1.029282612
88,0.981875922
89,1.534329401
90,1.236983363
91,0.328039217
92,0.653552512
93,1.960302204
94,0.984091251
95,0.692810922
96,1.603646001
97,1.167367633
98,1.202141398
99,0.961089269
100,0.283263505
101,0.851657453
102,0.717135081
103,1.12002196
104,1.87750612
105,0.525294796
106,1.153163644
107,0.697024672
108,0.577006897
109,0.977844378
110,0.699696426
111,1.592928558
112,0.841030032
113,0.684219462
114,0.787537465
115,0.296920606
116,0.78411878
117,0.786881083
118,1.751807405
119,1.131001448
120,0.279681324
121,1.091875959
122,0.527332078
123,1.775998407
124,1.138264892
125,0.780085199
126,0.968422457
127,1.212365125
128,1.019836176
129,0.467309427
130,0.657338944
131,1.471744482
132,0.884386967
133,1.158186859
134,0.951037063
135,0.655336082
136,0.64043044
137,2.007350116
138,0.831984691
139,0.563858554
140,0.637405065
141,1.512874617
142,0.73316151
143,0.483021181
144,0.365355264
145,1.034030232
146,1.41265989
147,0.666939362
148,1.272734104
149,1.916184682
150,0.929540213
151,0.801376996
152,1.357456667
153,0.712406095
154,1.263903676
155,0.694631761
156,0.206134078
157,1.390182127
158,1.055829436
159,0.469435441
160,1.742481679
161,0.962664302
162,1.477278926
163,0.488492267
164,1.251048407
165,0.988511023
166,0.969519541
167,1.768813386
168,0.323998687
169,0.860548457
170,0.841775408
171,1.379956164
172,0.876953042
173,1.171538426
174,1.27870829
175,0.954783344
176,0.977792642
177,0.666310823
178,0.782497916
179,0.625501463
180,1.113709768
181,1.254345151
182,1.248513628
183,0.969219803
184,1.247312148
185,0.896828819
186,0.670645635
187,0.783463737
188,1.219724446
189,0.663587608
190,1.154245469
191,1.082302487
192,1.339974067
193,0.754232934
194,1.473666354
195,0.929255195
196,0.563597712
197,1.000864771
198,0.736355645
199,1.450686026
200,1.89197208
201,0.805899947
202,0.439703424
203,0.794189723
204,0.39500992
205,0.798022739
206,0.505254785
207,1.329403136
208,1.377982454
209,0.804179749
210,1.278618998
211,1.386094981
212,0.983702038
213,0.934821686
214,0.953700968
215,1.062812586
216,1.436028699
217,1.698233226
218,0.865000309
219,1.908900327
220,0.984159492
221,1.29620715
222,1.631286237
223,0.493261422
224,0.544346617
225,1.362350501
226,1.853058314
227,1.162851577
228,0.45490072
229,0.278058841
230,0.781507318
231,0.084078902
232,1.486808949
233,0.742963334
234,1.856632629
235,1.284170751
236,0.676885271
237,1.00824799
238,0.819220827
239,1.269676906
240,0.269416066
241,0.837709936
242,1.161289608
243,1.448254563
244,0.528533385
245,0.619802056
246,0.968080152
247,0.876928318
248,1.200859488
249,0.31881997
250,1.41448719
251,1.021560775
252,0.918656287
253,0.872794593
254,1.381892881
255,0.733259111
256,1.949189037
257,1.472829547
258,0.814208477
259,0.544842403
260,1.060389578
261,0.933330971
262,0.974842703
263,1.073838371
264,1.405950013
265,1.376599671
266,1.343539222
267,0.543871835
268,1.09986324
269,0.693231022
270,0.969047623
271,0.677132855
272,0.996719337
273,0.599953968
274,1.209700711
275,0.437620932
276,0.605224954
277,1.102921537
278,1.317340781
279,1.088819739
280,1.036878315
281,1.18915137
282,1.090327399
283,1.469406835
284,0.950835571
285,0.712280931
286,0.465606157
287,0.504687673
288,1.11157616
289,0.814759278
290,1.427461121
291,1.542346828
292,1.078008548
293,0.830292191
294,1.177595006
295,0.732389719
296,0.51685192
297,0.473084974
298,0.861086666
299,1.510231279
300,0.686046645
301,1.296563478
302,1.116371417
303,1.409223003
304,1.313360307
305,1.152935913
306,0.923573446
307,0.709909218
308,0.68581971
309,1.298015737
310,1.014572164
311,1.215434033
312,0.933196945
313,1.115100262
314,1.710296009
315,0.896726832
316,0.193368095
317,0.648589915
318,1.13393153
319,0.37111007
320,1.284318127
321,0.917942221
322,0.664730821
323,1.407845642
324,0.675802494
325,0.680978434
326,0.411204974
327,0.514078866
328,1.400019268
329,0.631243248
330,2.087611103
331,0.617770965
332,0.466139565
333,0.314642664
334,0.732214427
335,0.905475777
336,0.222133932
337,1.233808165
338,0.895324296
339,1.858149836
340,1.267995767
341,1.287041525
342,2.140590324
343,0.926914881
344,1.726107638
345,0.506555192
346,1.66313571
347,0.676617149
348,1.183123384
349,1.145399187
350,0.497048522
351,0.80318307
352,1.152532033
353,0.380501742
354,1.521595604
355,1.475060259
356,1.868489414
357,0.519075341
358,0.99034906
359,1.340169914
360,1.048066038
361,0.947836399
362,1.3790516
363,0.649598783
364,0.738452256
365,0.279265292
366,1.081076394
367,1.155468806
368,0.630714921
369,0.688768189
370,1.398560929
371,0.873227089
372,1.67105083
373,0.786958351
374,0.677123043
375,1.131333425
376,0.700290073
377,1.060905718
378,1.168835635
379,0.590242112
380,0.866643814
381,1.758446576
382,1.379031888
383,0.58405068
384,0.987097908
385,1.085185305
386,1.359402882
387,1.616170566
388,1.476991239
389,0.17446982
390,0.830659467
391,0.784380808
392,1.559130809
393,1.262067928
394,0.354294875
395,0.862005281
396,0.461867881
397,0.408725831
398,0.802830416
399,0.614678424
400,1.79128484
401,2.029108037
402,0.386629346
403,0.687102714
404,1.525252264
405,2.046250903
406,0.881900314
407,0.83515212
408,0.762715004
409,0.669491441
410,0.305377386
411,1.532256082
412,0.616816407
413,1.327621135
414,0.98794592
415,0.457796654
416,0.793482239
417,0.636026453
418,1.225157731
419,1.661199203
420,0.951952597
421,1.287331923
422,1.010202817
423,1.702840721
424,0.746311696
425,0.845165703
426,1.244410815
427,0.528696814
428,0.805463981
429,0.884783829
430,1.267724507
431,1.049090404
432,1.175935269
433,1.009944781
434,1.31148311
435,1.02529773
436,0.610086943
437,0.847055602
438,0.328925798
439,0.505107851
440,1.089670492
441,2.010908418
442,0.522069462
443,1.631150784
444,1.051381365
445,1.090438827
446,0.705981976
447,0.687804089
448,1.382904574
449,0.705968193
450,0.744258378
451,1.001628119
452,1.694102045
453,0.968355857
454,0.750968414
455,1.313273256
456,1.131537306
457,1.378888532
458,1.142181274
459,0.784925862
460,0.610289346
461,0.72906107
462,0.894427925
463,1.343842241
464,0.261290203
465,2.07678762
466,0.760056473
467,0.63642681
468,2.04041903
469,1.36551576
470,0.860113357
471,1.065381202
472,1.599042327
473,0.989326318
474,0.598086709
475,0.611862644
476,1.346474349
477,0.593193432
478,0.81954546
479,0.836013531
480,1.039554019
481,0.975310844
482,1.194468167
483,0.841665976
484,0.557148872
485,0.763222523
486,1.178649617
487,0.877371355
488,0.680711292
489,1.166923217
490,0.364406575
491,0.825504679
492,1.219004618
493,1.130743601
494,1.727468232
495,1.373150774
496,1.81470319
497,0.660103765
498,1.128288779
499,0.535954362
500,0.2545529
501,0.740547229
502,1.204630479
503,0.66672153
504,1.597267707
505,1.140844969
506,0.994259199
507,0.145317241
508,1.035559068
509,0.443857542
510,0.542553098
511,0.504743182
512,1.254193547
513,1.356569017
514,0.900252212
515,0.451862906
516,1.130497995
517,0.659015767
518,0.850102723
519,0.897917138
520,1.248889689
521,1.457893687
522,0.434688135
523,1.613811278
524,1.216612476
525,0.482334758
526,0.556684683
527,1.022097094
528,1.279944646
529,0.734433245
530,0.949998621
531,1.068786688
532,1.368965816
533,0.878282836
534,1.783290022
535,0.53408006
536,1.467415436
537,0.608574207
538,0.898584182
539,1.109103913
540,0.58596426
541,0.497583692
542,1.100207155
543,0.633233706
544,0.445994024
545,0.55017938
546,0.516498622
547,0.339143577
548,0.928943521
549,0.992263199
550,1.295632697
551,0.059942094
552,0.761174161
553,0.818929306
554,0.962969279
555,1.335414881
556,0.786356446
557,1.250856843
558,1.163497369
559,1.509186944
560,1.325726827
561,0.605694237
562,0.766778621
563,1.965024856
564,0.799357828
565,1.349429377
566,0.054687003
567,1.916544655
568,0.700009459
569,0.766865437
570,1.932307534
571,0.259163585
572,0.38941489
573,1.579377354
574,1.463307254
575,1.179912653
576,1.264785897
577,0.480936048
578,1.840066909
579,1.491564899
580,1.327450131
581,1.601561638
582,0.255897133
583,1.160929505
584,0.698644863
585,0.826455794
586,0.435974834
587,0.216353144
588,0.835551014
589,0.745967474
590,1.151064715
591,0.932096179
592,1.340957433
593,0.879674838
594,1.824901759
595,0.684227309
596,1.116725566
597,1.079866214
598,0.922610266
599,0.088012987
600,1.240264004
601,0.481816001
602,1.188630884
603,0.732984747
604,1.373965906
605,0.939498807
606,1.78299013
607,0.151820012
608,2.034577223
609,0.48429896
610,0.757330406
611,1.128959343
612,0.758923112
613,0.973047626
614,1.187225629
615,1.168341683
616,1.593231929
617,1.429664419
618,1.519423128
619,0.681628769
620,0.847561078
621,1.320783277
622,0.732414705
623,1.646432098
624,0.775028378
625,0.579070164
626,0.958513112
627,0.754804515
628,1.440315703
629,0.671857532
630,0.476576101
631,2.13288928
632,1.105599647
633,0.784659609
634,0.408640148
635,1.197418356
636,0.478035391
637,0.588717646
638,0.611610649
639,1.271937288
640,1.313506899
641,0.556346915
642,1.766267349
643,0.974808953
644,0.931976323
645,0.703805106
646,0.592293686
647,2.092040123
648,0.604014969
649,1.039906805
650,0.502102959
651,0.976680061
652,0.874857693
653,0.829117109
654,1.575138655
655,0.455022459
656,1.203181477
657,1.347853742
658,0.783833024
659,0.525843165
660,0.559964336
661,0.971664838
662,0.969258714
663,0.583952496
664,1.258162517
665,0.926884427
666,0.930094144
667,0.704888982
668,1.562761303
669,0.819635913
670,1.332364626
671,0.819165244
672,0.738347846
673,0.672406871
674,1.204768362
675,0.587239784
676,0.685483635
677,0.890110164
678,2.243627576
679,0.949244229
680,0.551756202
681,2.466850545
682,0.459862216
683,1.169132706
684,0.880601439
685,0.98140786
686,0.724570748
687,0.991747749
688,0.89962829
689,0.430960211
690,1.213414943
691,1.162762631
692,2.402212794
693,0.446809473
694,0.582012792
695,0.632155228
696,0.566975282
697,1.309857412
698,1.092352507
699,1.029637602
700,0.882834164
701,1.145687697
702,1.654048266
703,1.286072036
704,0.573403288
705,0.530599138
706,0.468011547
707,1.062664533
708,1.143044559
709,0.570379009
710,0.542642366
711,1.181994853
712,1.35113276
713,1.257071767
714,1.139139204
715,1.089322824
716,0.955101226
717,0.980714608
718,1.65540298
719,0.612568165
720,0.955978751
721,0.670219922
722,1.379048374
723,1.031836679
724,0.763041236
725,1.126688652
726,0.907781831
727,1.278650828
728,1.588957448
729,0.367336102
730,0.704792027
731,0.907838884
732,1.188847083
733,0.645062319
734,0.883305473
735,0.442372491
736,1.549654468
737,1.258371875
738,0.593751025
739,1.165151837
740,1.078250903
741,1.258476996
742,0.227464263
743,0.875803539
744,0.191423803
745,0.70536527
746,0.659505389
747,0.45164844
748,0.702851516
749,0.978060443
750,1.394639683
751,1.278376818
752,0.905912505
753,0.884823698
754,1.253007238
755,1.298770609
756,0.738097854
757,1.343415343
758,0.686022272
759,1.698191967
760,2.049718375
761,0.702603504
762,1.883446405
763,0.755630227
764,1.650613678
765,1.078635679
766,0.626377866
767,0.50911173
768,0.685257672
769,1.286899067
770,0.896942136
771,0.504740341
772,0.822950387
773,0.479196456
774,0.454058089
775,2.082688016
776,0.647271533
777,1.119466266
778,0.932447952
779,0.452999118
780,0.972728156
781,1.006510562
782,1.796865152
783,0.704286997
784,0.469160964
785,0.206108996
786,0.884932695
787,0.061993063
788,1.159791785
789,1.166311919
790,1.603522042
791,1.369137151
792,0.555637997
793,0.995715258
794,0.936807311
795,0.883302311
796,0.860464615
797,1.116483231
798,0.578822333
799,0.904915879
800,1.499360486
801,0.37620445
802,1.290460464
803,0.225108678
804,1.281618637
805,0.597746216
806,0.812015032
807,0.798442489
808,1.452601259
809,2.283296476
810,0.692060689
811,1.286465953
812,1.069422953
813,0.533718087
814,0.753162966
815,1.031066935
816,0.565700667
817,1.108478092
818,0.351572554
819,1.512127048
820,1.027609416
821,0.586999867
822,1.041508083
823,1.165983144
824,1.04439786
825,0.941724724
826,1.365264238
827,1.179953433
828,1.030728366
829,0.805293745
830,0.434250694
831,0.710499568
832,1.061707773
833,0.731276294
834,1.93321135
835,0.845381039
836,1.005239682
837,1.454200208
838,0.975443426
839,1.109303155
840,1.369145815
841,0.206830195
842,1.018211408
843,1.190483977
844,0.793174848
845,0.825804173
846,1.867504014
847,1.415735352
848,0.352435941
849,0.370209497
850,0.746554727
851,1.795005825
852,0.977115473
853,1.128364907
854,1.420991625
855,0.536733681
856,1.46120493
857,0.954657875
858,0.311740324
859,1.147615337
860,0.671296726
861,1.017029594
862,2.068958776
863,1.275830573
864,1.808721015
865,1.533079713
866,0.736017293
867,1.28506971
868,1.465857432
869,1.461978747
870,0.796338104
871,1.15801231
872,0.545026014
873,0.423285694
874,1.214097652
875,1.627424463
876,0.411304519
877,1.40254596
878,0.65250017
879,1.309599298
880,1.222614267
881,0.899800685
882,0.832228743
883,0.452193417
884,0.950115846
885,0.88106705
886,0.465394875
887,0.110580556
888,1.184327474
889,0.815742154
890,0.847428972
891,0.697417273
892,0.994441731
893,0.542290492
894,0.546406904
895,1.183320112
896,0.830825723
897,1.244217402
898,0.61483104
899,1.509107838
900,2.397983933
901,0.637152149
902,0.433143241
903,1.086904999
904,1.997079619
905,1.601596809
906,0.413879151
907,0.65912422
908,0.971527509
909,0.888352044
910,0.565683996
911,0.902133433
912,0.84165888
913,1.638464625
914,0.947875216
915,0.575011451
916,1.104656649
917,0.812091842
918,0.896397495
919,1.529164993
920,0.347607423
921,0.747112391
922,0.498655023
923,0.352724227
924,0.768755269
925,1.307322863
926,1.486653884
927,1.591286664
928,0.587603141
929,0.512391576
930,1.196603768
931,0.797217089
932,2.101572021
933,0.929489918
934,1.500258695
935,0.838220448
936,1.219068411
937,1.384515529
938,1.712420056
939,1.109056264
940,0.772558654
941,1.046075332
942,1.333118583
943,0.905144744
944,0.323946385
945,1.098638013
946,0.533635586
947,0.551136591
948,0.72896386
949,0.668216769
950,1.368355687
951,0.586955908
952,1.068006724
953,0.515769948
954,0.993038229
955,0.671077269
956,0.433191985
957,1.395940266
958,2.350281818
959,1.144733519
960,1.143481908
961,0.604641724
962,0.874673581
963,1.005482898
964,1.314637418
965,0.949241952
966,1.13556968
967,0.541292069
968,0.556046546
969,0.670076722
970,1.106631368
971,0.706362235
972,2.191854607
973,0.602979031
974,0.724144422
975,1.573642375
976,0.802090482
977,0.768080401
978,1.350658823
979,0.619541381
980,0.962080491
981,1.307282876
982,1.003802544
983,1.015520922
984,1.324025432
985,1.168194435
986,1.002815021
987,0.395635686
988,1.096977406
989,1.455856699
990,0.953549801
991,0.708926726
992,0.949511357
993,0.600726097
994,1.479254989
995,1.096147909
996,0.795636442
997,1.44948779
998,0.850689223
999,0.908918125
1000,1.242651012
1001,0.983612284
1002,1.175839048
1003,1.74499008
1004,0.605896025
1005,0.998826559
1006,0.519421737
1007,0.525227648
1008,1.060163227
1009,1.108122452
1010,0.309327824
1011,1.09120385
1012,2.148453725
1013,1.178833363
1014,1.105970371
1015,0.520654035
1016,0.585715242
1017,0.528035089
1018,0.820869029
1019,0.775139499
1020,0.67804017
1021,0.773969542
1022,0.358803333
1023,1.435122707
1024,0.726914999
1025,1.310984364
1026,0.869414586
1027,0.338032186
1028,1.232230842
1029,0.622887308
1030,1.039038104
1031,1.712682877
1032,0.834620449
1033,2.040098
1034,2.163388016
1035,0.889657401
1036,0.593105681
1037,0.598907214
1038,1.304321062
1039,1.759677427
1040,0.730127199
1041,0.645432259
1042,0.742679985
1043,0.342041546
1044,1.429263123
1045,1.65623514
1046,0.515930632
1047,1.692547651
1048,0.753037482
1049,1.431185863
1050,0.548918402
1051,0.688140171
1052,0.339823397
1053,0.963234542
1054,0.483676321
1055,0.335204931
1056,2.107249473
1057,1.892743505
1058,0.707844812
1059,1.075172981
1060,0.631252022
1061,0.41623348
1062,0.851321434
1063,0.992717023
1064,0.676330471
1065,0.558813279
1066,1.502922871
1067,0.626989874
1068,1.11534052
1069,1.813143632
1070,0.739561491
1071,1.353701714
1072,1.046383068
1073,0.491336805
1074,0.385210671
1075,1.625414261
1076,1.502601539
1077,0.742628619
1078,1.40658334
1079,1.280219373
1080,0.725173767
1081,1.909956984
1082,1.071453601
1083,0.595528225
1084,0.511693363
1085,1.000693545
1086,0.796948713
1087,0.804018539
1088,1.077976268
1089,0.350370283
1090,0.496209961
1091,1.834537079
1092,0.523812377
1093,0.79496131
1094,1.292532624
1095,1.281454467
1096,0.327373635
1097,1.523061892
1098,0.706046257
1099,1.542669168
1100,1.448339217
1101,0.690079244
1102,0.955823508
1103,0.770098947
1104,0.644376704
1105,1.489188213
1106,1.102129912
1107,0.39484748
1108,0.583711699
1109,2.544042326
1110,1.648863007
1111,0.940228817
1112,1.32838322
1113,1.556539385
1114,1.72267463
1115,0.566424707
1116,0.848876842
1117,1.15242848
1118,0.840984028
1119,0.299889986
1120,1.323396251
1121,1.629036734
1122,1.771718607
1123,1.293022876
1124,0.718485862
1125,0.1348825
1126,0.813079218
1127,0.799609073
1128,1.433695477
1129,0.530140945
1130,0.671596987
1131,0.554982411
1132,1.170143945
1133,0.940737189
1134,0.247185094
1135,1.205273326
1136,2.082575314
1137,0.836661781
1138,0.690331503
1139,1.773664207
1140,1.204275776
1141,1.833048101
1142,0.960470982
1143,0.527693863
1144,0.510336994
1145,0.616493184
1146,0.73964374
1147,0.690451371
1148,0.797566612
1149,0.862373568
1150,1.069058663
1151,0.814583222
1152,0.673566689
1153,0.68908166
1154,1.338542033
1155,0.934535547
1156,1.915319508
1157,0.403250182
1158,1.160092379
1159,1.126208981
1160,1.276199219
1161,1.021534241
1162,0.588300787
1163,0.964062825
1164,0.907861086
1165,2.498342318
1166,0.927238724
1167,0.583853705
1168,1.127710278
1169,1.555383477
1170,0.573369181
1171,1.478778621
1172,1.235163134
1173,1.118517576
1174,0.659337886
1175,0.573460034
1176,0.57551964
1177,0.860736857
1178,1.040747102
1179,0.767472509
1180,0.723475297
1181,0.980557221
1182,0.775099367
1183,0.415773984
1184,1.403353992
1185,0.498098852
1186,0.078760789
1187,1.827533886
1188,0.27147335
1189,0.562498321
1190,0.789985877
1191,0.569665936
1192,1.459330839
1193,0.579995425
1194,1.129101296
1195,0.812852468
1196,0.747405503
1197,0.869080384
1198,0.506597779
1199,0.982408563
1200,1.111650957
1201,0.464462954
1202,0.413834266
1203,0.721864165
1204,0.870850034
1205,0.504939138
1206,1.59012607
1207,2.44461453
1208,1.088297404
1209,0.505824091
1210,1.59705142
1211,0.672709175
1212,0.639014682
1213,0.212322943
1214,1.37197577
1215,0.946320385
1216,0.748918083
1217,1.796292384
1218,0.480016646
1219,0.688199843
1220,1.571041876
1221,0.903475125
1222,0.670665574
1223,1.263648441
1224,0.571247137
1225,1.207061013
1226,0.529338523
1227,0.563496218
1228,1.399424494
1229,0.923801708
1230,1.090181511
1231,1.165715381
1232,1.249693643
1233,1.920077996
1234,1.000688767
1235,1.223499768
1236,1.012635098
1237,1.410991468
1238,1.702104176
1239,0.819493912
1240,1.207369557
1241,1.024463652
1242,1.416236214
1243,1.29708202
1244,0.970584381
1245,0.658271033
1246,0.635453948
1247,1.001964943
1248,0.607592836
1249,1.340570187
1250,0.707589199
1251,0.914604782
1252,0.724860063
1253,1.514973513
1254,0.701775385
1255,1.78371206
1256,0.741900107
1257,0.9767526
1258,1.128336729
1259,0.745525854
1260,0.82905248
1261,0.652609545
1262,0.939825324
1263,1.80586933
1264,1.927396977
1265,0.293193679
1266,0.493172806
1267,0.507732993
1268,0.184450657
1269,1.321852491
1270,1.713344632
1271,1.458165495
1272,1.05524712
1273,0.797472038
1274,0.855911864
1275,0.76293378
1276,1.415973467
1277,1.051809018
1278,0.922194822
1279,1.299372706
1280,1.009258042
1281,1.676241901
1282,0.527939866
1283,0.277376831
1284,1.14360937
1285,0.354505483
1286,1.056280747
1287,0.545098522
1288,0.617430358
1289,1.535837389
1290,1.307066204
1291,1.032459919
1292,1.031542318
1293,0.830489946
1294,0.797845471
1295,0.971625551
1296,0.75849292
1297,1.851776079
1298,1.563821139
1299,0.642920426
1300,0.717570078
1301,0.754771727
1302,0.689234274
1303,0.649601366
1304,1.573599452
1305,0.751179679
1306,0.999602234
1307,1.111873667
1308,0.792255316
1309,1.013008958
1310,1.684363705
1311,1.016000089
1312,0.757883624
1313,1.016190586
1314,0.848940543
1315,0.666368302
1316,1.198071941
1317,1.10354445
1318,0.997316241
1319,1.356184801
1320,0.976195156
1321,1.240154155
1322,0.965766505
1323,1.052651822
1324,0.864586164
1325,1.207848195
1326,0.95301107
1327,0.684024349
1328,1.175095642
1329,1.42860527
1330,0.809906686
1331,0.600117604
1332,1.107289905
1333,0.998726522
1334,0.390857819
1335,1.043794625
1336,0.939764052
1337,1.314426792
1338,1.057032244
1339,1.854231676
1340,0.908423843
1341,1.13715981
1342,1.172116868
1343,0.78652854
1344,1.212286646
1345,0.869361383
1346,1.815617862
1347,0.453772587
1348,0.991748282
1349,0.704620261
1350,1.638427843
1351,0.988804789
1352,0.673500341
1353,0.801083032
1354,0.549719886
1355,1.777610378
1356,0.783313116
1357,1.277516814
1358,0.96285139
1359,1.035965865
1360,0.808759526
1361,0.817882924
1362,0.243365799
1363,0.910769174
1364,0.838374434
1365,1.263521857
1366,1.247960911
1367,0.434138514
1368,0.56807783
1369,0.809016909
1370,0.845941922
1371,1.450074923
1372,1.841017704
1373,0.519509139
1374,0.620161538
1375,0.98912194
1376,0.989101065
1377,1.037083643
1378,0.844355928
1379,1.545223384
1380,0.714412019
1381,0.8285917
1382,0.672507886
1383,1.337826834
1384,0.926513125
1385,0.630677608
1386,0.944166494
1387,1.089402819
1388,0.345915844
1389,0.224534083
1390,0.947169613
1391,0.851467701
1392,1.111140877
1393,0.973731334
1394,1.126694301
1395,0.502401993
1396,0.75433427
1397,0.50692844
1398,1.501861108
1399,2.001482041
1400,1.327270226
1401,1.226463518
1402,0.561508926
1403,1.176546952
1404,1.765221699
1405,1.883672516
1406,1.305895958
1407,0.939234766
1408,1.506862504
1409,0.641725073
1410,1.011401058
1411,0.842284864
1412,1.153595364
1413,1.241041759
1414,0.766906007
1415,0.859262263
1416,0.409767145
1417,1.707131116
1418,0.57057754
1419,0.919024009
1420,0.755171829
1421,1.090979523
1422,0.430780848
1423,1.106173612
1424,0.569796134
1425,0.717696629
1426,0.356996925
1427,0.426958482
1428,1.252211875
1429,0.681976599
1430,0.603233624
1431,0.614279173
1432,0.970776398
1433,1.481706659
1434,1.058087968
1435,0.5652201
1436,0.665877365
1437,0.724835368
1438,0.842942835
1439,0.676335974
1440,0.869015183
1441,1.441913324
1442,0.993865089
1443,1.660206077
1444,0.370224742
1445,1.6275411
1446,1.239483534
1447,0.554083159
1448,1.996163729
1449,0.473998001
1450,1.041500722
1451,0.637161278
1452,0.785767533
1453,0.61872443
1454,0.980323585
1455,0.645293677
1456,1.390301861
1457,1.038263377
1458,0.438904254
1459,1.422000139
1460,0.490900158
1461,0.6967384
1462,1.608149073
1463,1.256080285
1464,1.218895071
1465,0.993957222
1466,0.878444216
1467,0.681830288
1468,1.059872849
1469,0.858984454
1470,0.946714541
1471,1.344451137
1472,1.045041108
1473,0.562195284
1474,1.441334831
1475,0.905696818
1476,0.834188858
1477,0.752703429
1478,0.892495939
1479,0.581882792
1480,0.956693872
1481,0.94059422
1482,1.420046102
1483,1.514552263
1484,1.264252259
1485,1.169352728
1486,0.796482615
1487,0.708076409
1488,0.687514522
1489,1.031586983
1490,0.827193943
1491,1.200773796
1492,0.631498204
1493,0.94858512
1494,0.976498308
1495,0.48410707
1496,1.033089441
1497,1.313217484
1498,0.945027726
1499,0.270547763
1500,1.088014437
1501,1.296761675
1502,1.483815602
1503,1.311389893
1504,1.345688756
1505,1.384140862
1506,0.470213168
1507,0.810117666
1508,0.569862505
1509,1.263974535
1510,1.131104313
1511,0.954564395
1512,1.154227665
1513,0.731921382
1514,0.83226364
1515,0.51273601
1516,1.287868568
1517,1.22299237
1518,1.40179871
1519,1.505227816
1520,0.636183627
1521,0.759787079
1522,0.805754335
1523,0.636086613
1524,1.48281372
1525,0.848251653
1526,0.756601052
1527,1.187079615
1528,1.086117602
1529,0.627264644
1530,1.110928942
1531,1.289695987
1532,0.646952395
1533,1.58579097
1534,0.574013223
1535,0.562762722
1536,0.886682804
1537,0.564447885
1538,1.325614472
1539,1.317155672
1540,0.457540892
1541,1.044826348
1542,1.208104429
1543,1.952552938
1544,1.279662856
1545,1.270224568
1546,1.248230212
1547,0.918544798
1548,0.914177949
1549,0.823261431
1550,1.687385016
1551,1.009886974
1552,0.853139589
1553,0.35172192
1554,0.536901966
1555,0.396599395
1556,0.747748145
1557,0.312692506
1558,0.728689172
1559,0.73245679
1560,0.684858397
1561,0.943131144
1562,0.870992386
1563,1.232683871
1564,0.863988606
1565,1.110199634
1566,1.229805403
1567,1.389746213
1568,0.803942445
1569,1.696374247
1570,1.510568441
1571,0.558480265
1572,0.716242692
1573,0.560726463
1574,0.865936058
1575,1.007443152
1576,1.068256705
1577,0.603386187
1578,0.814442091
1579,0.388017366
1580,1.202686889
1581,2.003291271
1582,0.772847739
1583,0.680250078
1584,0.816811764
1585,1.121085385
1586,0.853641072
1587,0.442432961
1588,1.599343083
1589,0.540063397
1590,1.166155572
1591,1.395111786
1592,2.176872
1593,1.741672834
1594,0.589690664
1595,0.157912095
1596,1.377993347
1597,1.069796555
1598,1.177105987
1599,0.854456161
1600,0.543853323
1601,0.999138456
1602,0.780098226
1603,1.483180902
1604,1.214978792
1605,1.270608418
1606,0.857923662
1607,1.086546865
1608,0.737702332
1609,1.491720757
1610,0.52179691
1611,1.546243122
1612,0.654919075
1613,0.288934574
1614,0.733499407
1615,1.065989997
1616,1.21379938
1617,1.097352054
1618,0.213177751
1619,0.673855787
1620,1.460805386
1621,0.863563746
1622,1.327048807
1623,0.111115334
1624,1.178078566
1625,0.789524232
1626,2.303353617
1627,1.212549153
1628,1.314187772
1629,0.80886865
1630,0.502877974
1631,0.946728828
1632,1.760667338
1633,1.098265885
1634,0.576515075
1635,0.844457804
1636,0.783267317
1637,0.553173524
1638,2.20465903
1639,0.563812421
1640,2.447612225
1641,0.904964688
1642,0.818685101
1643,0.450064529
1644,0.715190481
1645,1.225729055
1646,0.958762566
1647,1.274530771
1648,0.4424617
1649,1.045364763
1650,1.164820716
1651,1.109301798
1652,1.568261711
1653,1.568702769
1654,1.291643568
1655,0.866761635
1656,1.001719571
1657,0.757233857
1658,0.592671062
1659,0.673786659
1660,0.599021776
1661,1.156520695
1662,0.695463011
1663,1.665847612
1664,1.619631914
1665,1.077682093
1666,1.377529551
1667,0.845031741
1668,1.266335697
1669,0.939522415
1670,0.208990241
1671,1.201878626
1672,0.935872341
1673,0.806205638
1674,1.294673034
1675,0.6631991
1676,1.202901156
1677,0.86751773
1678,0.768370524
1679,0.79559118
1680,1.066726455
1681,0.026235478
1682,0.725790827
1683,0.097376732
1684,1.185570335
1685,0.907030743
1686,0.894939151
1687,0.661693046
1688,0.194455473
1689,1.22711488
1690,1.040733424
1691,0.874351185
1692,0.773899627
1693,1.625284491
1694,0.431798896
1695,1.334475548
1696,0.526492856
1697,0.644791941
1698,0.693316623
1699,2.022181763
1700,0.907272464
1701,0.862857361
1702,0.883991763
1703,1.06558256
1704,0.637665778
1705,1.379984533
1706,1.651680006
1707,0.256687302
1708,1.972254012
1709,0.878106759
1710,0.588271912
1711,0.680978085
1712,0.790956263
1713,0.66723741
1714,0.74865127
1715,0.494171111
1716,1.1610036
1717,0.677729207
1718,1.096786605
1719,1.200660501
1720,1.091706829
1721,1.11504429
1722,1.450747985
1723,0.744548151
1724,0.857646808
1725,1.093661106
1726,0.663663475
1727,1.055121525
1728,0.745457331
1729,0.860237431
1730,0.663103133
1731,1.244395498
1732,1.121109518
1733,1.906354742
1734,0.207208564
1735,0.771023646
1736,1.947328952
1737,0.461179619
1738,0.941938959
1739,0.562379577
1740,0.596745026
1741,0.827330867
1742,1.737715628
1743,0.396429569
1744,1.579837045
1745,0.932171206
1746,0.481928176
1747,1.234825382
1748,0.461022877
1749,0.94059409
1750,0.797606167
1751,0.965564353
1752,0.57710321
1753,1.067170577
1754,2.392490122
1755,1.0078028
1756,0.793787674
1757,0.954212836
1758,1.439063172
1759,0.832923183
1760,0.949922388
1761,0.67081877
1762,1.296515341
1763,0.715560673
1764,1.034560855
1765,1.296915604
1766,0.610690726
1767,0.564462482
1768,1.15235943
1769,1.19423247
1770,1.424437224
1771,1.565273794
1772,1.120498967
1773,0.823137351
1774,0.745598221
1775,0.905385088
1776,1.043691346
1777,1.021004832
1778,0.268040858
1779,1.023275764
1780,0.527529318
1781,0.49554446
1782,2.399838693
1783,0.807522137
1784,0.574865026
1785,1.064723489
1786,1.344618665
1787,0.654779654
1788,1.198465774
1789,0.396511308
1790,1.389522386
1791,0.702871165
1792,0.351212509
1793,0.841144353
1794,1.259445035
1795,0.76285974
1796,1.164885753
1797,2.056385109
1798,1.247382905
1799,1.269766599
1800,0.558526944
1801,1.666426976
1802,0.567114635
1803,0.925138882
1804,1.291015545
1805,0.416215624
1806,1.178127591
1807,0.659580804
1808,1.347298933
1809,0.828827013
1810,0.365349321
1811,0.773278926
1812,1.709936803
1813,0.771232798
1814,1.648222107
1815,0.842666352
1816,0.977073344
1817,0.888413704
1818,0.680409086
1819,0.544689259
1820,1.655880912
1821,1.869168194
1822,1.561209878
1823,1.182874889
1824,1.003748893
1825,0.534604139
1826,0.767748869
1827,0.786705573
1828,0.672150899
1829,1.378313763
1830,1.007234839
1831,0.827667133
1832,0.9614239
1833,1.019831238
1834,0.375082919
1835,1.537699549
1836,1.898103272
1837,0.797876406
1838,0.885066765
1839,0.594959953
1840,0.681365965
1841,0.786019387
1842,0.873904446
1843,1.920381035
1844,1.332782012
1845,0.403621404
1846,0.637274985
1847,0.714732585
1848,0.842902318
1849,0.972853695
1850,1.1726911
1851,0.741153709
1852,1.150051807
1853,0.746111911
1854,0.323663694
1855,1.218089707
1856,1.493633931
1857,2.098928032
1858,1.875069138
1859,0.943174498
1860,0.748501481
1861,1.232063325
1862,1.255380421
1863,0.795549807
1864,0.395297254
1865,0.389308968
1866,0.648900716
1867,1.181998246
1868,0.960543846
1869,0.658739889
1870,0.883134897
1871,1.692512019
1872,0.684259496
1873,1.226735744
1874,0.729880234
1875,1.462062842
1876,0.513361162
1877,0.951893226
1878,0.738062377
1879,1.452329375
1880,0.844272994
1881,1.102777207
1882,1.944038937
1883,0.6298647
1884,0.670533103
1885,0.736034838
1886,0.724302582
1887,0.774357667
1888,0.882399947
1889,0.468282287
1890,0.821992188
1891,1.752414958
1892,0.74534689
1893,1.130065692
1894,0.63029115
1895,1.422853469
1896,0.857835706
1897,1.041827845
1898,2.018672483
1899,0.687883648
1900,1.172450107
1901,0.627170391
1902,1.122320631
1903,2.106003923
1904,0.834040435
1905,0.547119165
1906,0.421260753
1907,0.741515154
1908,2.005491772
1909,0.735663896
1910,1.362843925
1911,0.697167561
1912,1.125438373
1913,0.946704482
1914,0.826037016
1915,1.318103828
1916,0.808388676
1917,0.543141767
1918,0.982698101
1919,1.239657038
1920,0.982958118
1921,0.69973832
1922,2.131341871
1923,1.288343754
1924,0.279283428
1925,0.378183831
1926,0.824619529
1927,0.90442568
1928,1.12234179
1929,0.248528573
1930,0.565492091
1931,1.565505056
1932,0.142923113
1933,0.420273963
1934,0.382144626
1935,0.815238186
1936,0.998776463
1937,1.518535201
1938,0.176925846
1939,0.898840482
1940,1.110813021
1941,0.435081329
1942,1.109013976
1943,0.394676178
1944,1.40020359
1945,0.665845137
1946,1.937984033
1947,1.107771536
1948,0.409846352
1949,1.668412774
1950,1.090456551
1951,0.600157296
1952,0.493354444
1953,1.167351471
1954,0.829502087
1955,1.883665126
1956,1.291481361
1957,1.114649338
1958,0.737844492
1959,1.031619035
1960,1.799864452
1961,1.036796915
1962,0.48436824
1963,0.983225293
1964,0.804626201
1965,0.377930917
1966,0.993917125
1967,0.62385289
1968,1.391719414
1969,0.876523396
1970,0.561423964
1971,0.772936158
1972,0.681846925
1973,0.524300842
1974,1.116453888
1975,1.433673515
1976,0.798383208
1977,0.658745315
1978,0.825917705
1979,1.082861829
1980,1.612631595
1981,1.607363041
1982,1.330175157
1983,1.062792762
1984,1.166554257
1985,1.108538089
1986,0.964236581
1987,1.445342042
1988,1.645322624
1989,0.194449375
1990,1.319096071
1991,1.059682629
1992,1.037924842
1993,0.889075554
1994,0.585393864
1995,0.581028621
1996,2.168509327
1997,0.634973474
1998,1.966009623
1999,0.666130924
2000,0.870793585
2001,1.232821252
2002,1.027615141
2003,0.633295239
2004,0.845732504
2005,1.716271551
2006,0.537479815
2007,0.720612944
2008,0.834698425
2009,1.08567518
2010,0.571088082
2011,0.876579313
2012,2.372817193
2013,1.040951557
2014,1.094999958
2015,0.510456317
2016,0.68666587
2017,0.371422113
2018,0.727904652
2019,0.978712313
2020,1.070468025
2021,2.13016205
2022,0.42782478
2023,0.965839177
2024,0.820591733
2025,1.161844033
2026,0.713976079
2027,0.29858897
2028,0.74487402
2029,0.820264965
2030,0.312494739
2031,1.242237449
2032,1.438186561
2033,0.702881651
2034,0.558546436
2035,1.896613608
2036,1.084175384
2037,0.626112248
2038,0.911568711
2039,0.812251222
2040,1.062058477
2041,0.776169166
2042,1.137782446
2043,0.427872452
2044,1.086999275
2045,1.054362443
2046,1.210000623
2047,1.576774721
2048,1.344463217
2049,0.804832468
2050,1.608504255
2051,0.28996669
2052,1.65279568
2053,0.944016819
2054,0.957154177
2055,0.501633487
2056,1.185338005
2057,0.753513864
2058,0.843550678
2059,1.407393921
2060,0.250958561
2061,1.952641163
2062,0.352049183
2063,1.811138792
2064,1.293125848
2065,0.829949084
2066,1.529731197
2067,0.246469414
2068,1.282981528
2069,1.033822975
2070,1.121621347
2071,0.838014078
2072,0.702418843
2073,0.296714489
2074,0.732818883
2075,0.645606009
2076,1.375491212
2077,0.923063755
2078,1.339875827
2079,0.822380837
2080,0.198421352
2081,1.086017238
2082,0.629475855
2083,0.421376678
2084,1.562926952
2085,0.919330208
2086,1.632367101
2087,0.400725415
2088,0.504817493
2089,0.567509883
2090,0.645351696
2091,0.861172209
2092,0.508864115
2093,2.17248511
2094,0.680139952
2095,0.891482268
2096,0.71984268
2097,0.333964433
2098,1.039367254
2099,1.245968428
2100,1.451531887
2101,2.313202339
2102,1.526533843
2103,0.302396971
2104,1.87227244
2105,0.723042518
2106,1.117628917
2107,1.210973137
2108,0.816644883
2109,0.861134306
2110,0.575838667
2111,0.267954522
2112,1.088112215
2113,0.505356021
2114,0.81070573
2115,1.824404721
2116,0.685642455
2117,1.498414097
2118,0.758708829
2119,0.376892649
2120,0.472052014
2121,1.138588412
2122,0.60580561
2123,1.46242798
2124,0.590913825
2125,0.879620621
2126,0.346151041
2127,1.519915256
2128,1.522574741
2129,1.257625602
2130,1.015457205
2131,1.169652079
2132,0.83977635
2133,1.069626882
2134,0.760306531
2135,1.928527571
2136,1.676145609
2137,1.301360156
2138,0.48102519
2139,0.688257846
2140,0.927397434
2141,1.07182426
2142,1.060761258
2143,0.970940384
2144,1.866710207
2145,1.306746839
2146,0.482669932
2147,0.549198966
2148,0.740720281
2149,1.037525489
2150,0.458703894
2151,0.818583112
2152,1.088316521
2153,1.422337446
2154,0.725796865
2155,0.725680936
2156,0.606297886
2157,1.001709532
2158,1.280509175
2159,0.621720605
2160,0.694759926
2161,0.538822111
2162,0.989008085
2163,2.520510972
2164,0.856090341
2165,1.399956178
2166,1.870570645
2167,0.967998076
2168,1.697463279
2169,0.978885643
2170,1.627294292
2171,1.340669771
2172,1.37932088
2173,0.506703731
2174,0.902263811
2175,0.486660716
2176,1.964810237
2177,0.462880332
2178,0.525734938
2179,0.7736513
2180,1.446396232
2181,0.835606717
2182,0.70355298
2183,0.056581438
2184,1.157077899
2185,0.598961423
2186,0.596569873
2187,1.334224719
2188,2.007690279
2189,1.219512537
2190,0.538766567
2191,1.15573895
2192,1.329785794
2193,1.321729166
2194,1.312745003
2195,0.933151796
2196,1.025176343
2197,0.891239509
2198,0.715018762
2199,0.590323189
2200,1.679070294
2201,1.216502699
2202,1.020301851
2203,0.936270248
2204,1.034402983
2205,0.276237558
2206,0.367745003
2207,1.122376085
2208,1.156975007
2209,1.763438808
2210,0.616229051
2211,1.938983931
2212,1.398349769
2213,1.423997728
2214,0.418553947
2215,0.623546135
2216,0.891649703
2217,1.224605839
2218,0.995517549
2219,0.956820412
2220,0.929089552
2221,0.410464508
2222,1.182101053
2223,0.989824396
2224,1.013111519
2225,1.841611799
2226,0.593127691
2227,0.892714051
2228,1.668087164
2229,0.148459933
2230,0.919331449
2231,0.945485328
2232,0.923409458
2233,0.667932421
2234,0.608533183
2235,0.580021658
2236,0.992934837
2237,1.179187204
2238,1.976255887
2239,0.277957535
2240,0.771777394
2241,2.144351723
2242,0.992179917
2243,0.61895674
2244,1.324703086
2245,0.662243016
2246,1.306112911
2247,0.675607699
2248,1.517925739
2249,0.84255064
2250,1.380724164
2251,0.899838836
2252,0.642296612
2253,1.277991624
2254,0.901388758
2255,1.01188969
2256,0.321723356
2257,0.305223298
2258,0.932857674
2259,1.412795963
2260,1.510610826
2261,0.877636572
2262,0.791970915
2263,1.300679397
2264,0.369405779
2265,0.788703968
2266,1.188223926
2267,0.662238952
2268,1.022538092
2269,1.246008158
2270,1.066448866
2271,0.833637992
2272,1.129115505
2273,1.21865679
2274,0.306180219
2275,1.428548759
2276,0.778481546
2277,2.095518615
2278,0.733715659
2279,1.39458231
2280,1.248381779
2281,1.163991462
2282,1.050925993
2283,0.902421881
2284,1.750556272
2285,0.312113249
2286,0.96130607
2287,0.309371304
2288,1.472972037
2289,0.884373991
2290,1.343823748
2291,0.738078894
2292,1.553698349
2293,1.274674086
2294,0.678632124
2295,0.850075831
2296,1.336913549
2297,1.675866974
2298,0.900164789
2299,1.035429465
2300,0.300620269
2301,1.429810575
2302,0.507752012
2303,0.94521178
2304,0.505400986
2305,1.283720117
2306,1.148058825
2307,0.693518233
2308,1.009770935
2309,0.926263897
2310,0.696361486
2311,1.46081004
2312,1.349399004
2313,1.232762696
2314,1.049275986
2315,1.149408998
2316,0.659197401
2317,0.540889589
2318,1.145052231
2319,0.526704032
2320,0.695307071
2321,0.864789031
2322,0.153072863
2323,1.0092121
2324,0.786157537
2325,0.611460662
2326,1.46468131
2327,1.157219837
2328,0.899811455
2329,1.269907133
2330,0.771424022
2331,0.942253481
2332,0.697872034
2333,0.938390431
2334,1.246122934
2335,1.231641579
2336,1.162576846
2337,0.677914967
2338,1.843646301
2339,1.021250508
2340,0.828494947
2341,1.327493515
2342,2.474505279
2343,0.601018767
2344,0.377236496
2345,0.82886584
2346,1.278338042
2347,1.519972731
2348,0.522406289
2349,0.507843607
2350,0.922096865
2351,1.2485566
2352,0.596254464
2353,1.337310482
2354,0.880201044
2355,0.566612619
2356,0.745236419
2357,1.244201564
2358,0.733219818
2359,0.682193065
2360,1.120908776
2361,0.506576035
2362,0.765625983
2363,2.279471054
2364,0.77075203
2365,0.408506135
2366,0.242874762
2367,0.731114207
2368,1.040569558
2369,1.91543876
2370,2.426927892
2371,0.819771323
2372,0.90829564
2373,0.630274102
2374,1.492217681
2375,0.506694113
2376,0.755605651
2377,1.134922319
2378,0.400417771
2379,1.025907476
2380,1.352649992
2381,1.147962685
2382,2.138676412
2383,0.873022942
2384,0.722992738
2385,0.561576694
2386,2.263314312
2387,1.287123007
2388,0.902705589
2389,1.108615457
2390,0.024515296
2391,0.912433634
2392,0.85007649
2393,1.18955779
2394,0.938678007
2395,0.954761187
2396,0.602892066
2397,0.166529717
2398,0.769947435
2399,1.117604756
2400,0.932435161
2401,0.762953728
2402,1.64084068
2403,0.886407415
2404,1.361595486
2405,0.265542826
2406,0.804587961
2407,1.967572857
2408,0.921881554
2409,0.309087813
2410,1.540484851
2411,0.653099739
2412,1.131539783
2413,2.081999188
2414,0.282570827
2415,0.464591309
2416,1.574609481
2417,1.046880345
2418,1.083575255
2419,1.406310133
2420,1.513427496
2421,0.976415951
2422,1.406106914
2423,0.357051235
2424,0.69172813
2425,1.196732925
2426,1.56877496
2427,1.655909098
2428,0.461842991
2429,1.243384694
2430,0.04273258
2431,2.542588692
2432,0.393387966
2433,0.644514591
2434,0.538279537
2435,1.175528123
2436,1.00182353
2437,0.949123824
2438,0.794484863
2439,0.987624551
2440,1.497569122
2441,0.607770898
2442,0.891921016
2443,1.570898571
2444,0.737657911
2445,1.179261661
2446,1.073761856
2447,0.768714317
2448,1.49628073
2449,0.788083998
2450,0.782413854
2451,2.167144537
2452,0.309334791
2453,0.38161493
2454,0.991532662
2455,1.016238897
2456,0.78599251
2457,0.989729375
2458,0.964078363
2459,0.754909696
2460,0.812237775
2461,0.758266804
2462,1.318877434
2463,1.0851056
2464,0.519919897
2465,0.443512551
2466,1.112527252
2467,0.668646804
2468,1.217743864
2469,0.830714369
2470,1.013941941
2471,1.007312316
2472,0.562654821
2473,1.409161178
2474,0.766558296
2475,0.134868446
2476,0.571354209
2477,0.986816717
2478,0.442132488
2479,1.164390596
2480,1.483310822
2481,1.289088559
2482,0.856419476
2483,0.732543509
2484,0.449773849
2485,1.100491173
2486,1.41982794
2487,0.707968226
2488,1.209074013
2489,1.476400917
2490,0.860482823
2491,0.914783919
2492,0.765316319
2493,0.563126822
2494,0.62065572
2495,0.707678017
2496,1.467494971
2497,1.047072134
2498,2.319345662
2499,0.197429837
2500,1.099878449
2501,1.362413883
2502,1.105509993
2503,0.137811886
2504,0.340687406
2505,1.142091493
2506,0.691910105
2507,0.468703331
2508,0.716772401
2509,0.817541475
2510,0.896879046
2511,0.709892066
2512,1.522878871
2513,0.970444174
2514,0.88304795
2515,0.383557259
2516,0.778231342
2517,1.261668631
2518,0.875125532
2519,0.740191679
2520,1.144121092
2521,1.211013406
2522,1.678483051
2523,0.905572203
2524,1.094733306
2525,1.140894139
2526,0.643005753
2527,0.770395178
2528,1.127213212
2529,0.477729423
2530,0.458507143
2531,0.756500449
2532,2.10898893
2533,1.335901849
2534,0.475262773
2535,0.094250643
2536,0.724561472
2537,1.129246442
2538,0.745484186
2539,0.541184861
2540,0.787451023
2541,0.849597397
2542,0.147616811
2543,1.622969282
2544,0.731528122
2545,1.052803792
2546,0.516785842
2547,0.400784962
2548,1.667221864
2549,1.762181677
2550,0.503332096
2551,0.539458636
2552,1.051709509
2553,0.966721722
2554,0.742873486
2555,1.144724802
2556,0.516316909
2557,0.978464275
2558,1.712201521
2559,1.029804902
2560,0.747084794
2561,1.270050406
2562,1.526896741
2563,0.838932773
2564,1.455761372
2565,1.29047792
2566,1.293477671
2567,1.164107406
2568,0.862230099
2569,0.741555066
2570,1.124251259
2571,0.753911815
2572,1.015498757
2573,0.699563408
2574,0.831520748
2575,1.283606399
2576,0.912614341
2577,1.442183247
2578,0.925775535
2579,1.373696472
2580,0.932089918
2581,1.338324462
2582,0.831053891
2583,2.271160812
2584,0.907012319
2585,1.103875501
2586,1.434798079
2587,0.437226211
2588,1.284843822
2589,1.284155886
2590,0.715938139
2591,1.128713211
2592,1.03441769
2593,0.654200726
2594,0.62882203
2595,1.044329873
2596,1.793424604
2597,1.432152055
2598,1.053945219
2599,0.7353786
2600,1.921358617
2601,0.450208476
2602,0.572945865
2603,0.438344726
2604,1.489673403
2605,0.841442114
2606,1.056133685
2607,0.740887806
2608,0.573033848
2609,1.481027395
2610,1.152191382
2611,0.480751159
2612,0.882119795
2613,0.797724375
2614,1.013318085
2615,2.068085692
2616,0.616867886
2617,1.016324094
2618,2.481107005
2619,1.51800507
2620,1.810291365
2621,1.887907478
2622,0.478588319
2623,0.243519811
2624,1.187181191
2625,0.625773426
2626,0.933077564
2627,0.543428096
2628,1.104728374
2629,0.786579589
2630,1.083917118
2631,0.803253817
2632,1.129204449
2633,0.518770989
2634,0.871260443
2635,1.21845511
2636,1.103871
2637,1.139411588
2638,0.879034499
2639,1.266664982
2640,2.267653893
2641,1.137391917
2642,1.298859649
2643,0.744075149
2644,0.733227504
2645,0.636305289
2646,1.623607636
2647,1.704239425
2648,1.231074783
2649,1.134036159
2650,0.665392639
2651,1.18488989
2652,0.794210258
2653,0.47485614
2654,0.544059262
2655,0.680022113
2656,1.772252615
2657,1.05477904
2658,0.586521861
2659,0.43434391
2660,1.609651729
2661,0.906399174
2662,0.960075702
2663,0.527122729
2664,1.017621423
2665,0.933151561
2666,1.106085018
2667,0.140196946
2668,1.77856924
2669,0.494965327
2670,1.011871815
2671,1.131863077
2672,0.787877806
2673,0.607638253
2674,0.967713978
2675,0.77204597
2676,1.166627599
2677,1.53517686
2678,0.311996681
2679,0.898709971
2680,0.54828714
2681,0.655272706
2682,0.798908276
2683,0.031030994
2684,0.425859707
2685,0.547807677
2686,0.807391953
2687,0.703350308
2688,0.720301353
2689,1.205369697
2690,1.093190817
2691,1.772154345
2692,0.989451476
2693,0.979350743
2694,0.517314234
2695,1.310590424
2696,0.570027179
2697,1.167972015
2698,1.284667347
2699,1.421056353
2700,0.636986189
2701,0.889633904
2702,0.409358079
2703,0.511909799
2704,0.619120674
2705,1.849541039
2706,0.393442511
2707,0.450658006
2708,0.881846181
2709,0.539609917
2710,0.39894155
2711,1.217801336
2712,2.334857351
2713,1.65791665
2714,0.546129219
2715,1.319629435
2716,0.892851443
2717,1.966645996
2718,1.665855219
2719,1.189521183
2720,1.390264702
2721,1.261532034
2722,1.121567995
2723,0.74311444
2724,0.240235814
2725,1.159542846
2726,1.852255167
2727,0.690030072
2728,1.025545872
2729,0.681723901
2730,0.452404885
2731,0.573697808
2732,0.198268605
2733,1.526848769
2734,0.96155759
2735,0.589224688
2736,0.80367388
2737,2.07057469
2738,0.656815689
2739,0.545414556
2740,1.106805852
2741,0.548809713
2742,1.34719172
2743,0.723673072
2744,0.935990063
2745,0.590071637
2746,0.609720558
2747,1.019191852
2748,1.657405114
2749,2.050322317
2750,1.068036594
2751,0.833980012
2752,1.002943731
2753,1.070137244
2754,0.776035465
2755,1.501668179
2756,0.928672311
2757,0.158927822
2758,0.90922146
2759,0.801700786
2760,1.464336187
2761,1.995132651
2762,0.794863462
2763,0.552401794
2764,0.400582572
2765,0.732437427
2766,0.636034012
2767,0.887352886
2768,1.690099948
2769,1.206253557
2770,1.091896935
2771,1.557272914
2772,0.832720445
2773,1.133685104
2774,0.905854259
2775,0.460913595
2776,0.612045478
2777,1.369395704
2778,1.119746087
2779,0.574464204
2780,1.025651665
2781,1.054279939
2782,0.473773041
2783,1.529105183
2784,1.521975784
2785,1.277894579
2786,0.884112421
2787,1.375783347
2788,1.017192087
2789,0.478977675
2790,1.186043749
2791,0.836942
2792,1.438810912
2793,0.517950888
2794,1.023991763
2795,0.833175354
2796,0.866344886
2797,1.536425633
2798,1.109546203
2799,0.926375926
2800,0.469139448
2801,0.781897196
2802,0.478496518
2803,0.315020177
2804,1.0092039
2805,0.7022045
2806,1.336959469
2807,0.605929244
2808,0.926127248
2809,0.509970574
2810,1.349708556
2811,1.27426893
2812,0.396985248
2813,1.147591699
2814,0.620928672
2815,0.966507766
2816,2.280807805
2817,1.022380594
2818,2.367963907
2819,0.547319377
2820,1.318241411
2821,1.64766435
2822,1.026075001
2823,0.373929674
2824,1.012196153
2825,1.5795195
2826,0.879313979
2827,0.684985768
2828,1.185232539
2829,0.22053451
2830,0.542680197
2831,0.537209302
2832,1.49236203
2833,1.684663159
2834,1.208370966
2835,0.769763432
2836,1.196234922
2837,0.606137171
2838,0.342718104
2839,1.951140811
2840,0.91947381
2841,1.104246896
2842,0.394077781
2843,2.185373388
2844,1.486120259
2845,0.621651807
2846,0.348324494
2847,0.370613242
2848,1.065238298
2849,0.899393911
2850,1.352651912
2851,1.003330409
2852,0.222465582
2853,0.558642762
2854,1.218257277
2855,0.395419551
2856,0.962705054
2857,0.480890382
2858,1.430585135
2859,1.033042306
2860,1.072521808
2861,1.107693953
2862,0.690130121
2863,1.029943743
2864,0.819626679
2865,0.844223617
2866,0.767483217
2867,0.351998274
2868,1.381103715
2869,0.739500226
2870,1.076789171
2871,1.098580007
2872,1.155591376
2873,1.261519692
2874,1.660812067
2875,0.887984654
2876,1.589535503
2877,1.503389589
2878,0.859581108
2879,1.095665959
2880,1.32840731
2881,1.454144751
2882,1.230537638
2883,1.038331384
2884,1.076199862
2885,0.749093569
2886,0.458175015
2887,1.380212306
2888,0.928947101
2889,0.886450744
2890,1.241063508
2891,0.711723799
2892,1.13054903
2893,1.488383277
2894,0.961644491
2895,2.21041377
2896,1.595508707
2897,0.735613989
2898,0.670575405
2899,0.980955028
2900,0.694966284
2901,0.845248438
2902,1.597825768
2903,1.188446345
2904,1.516392557
2905,0.558915252
2906,1.136959029
2907,0.471926797
2908,0.74821031
2909,0.582427249
2910,0.414840983
2911,1.615640702
2912,0.905204373
2913,1.029560736
2914,1.401612226
2915,0.806271686
2916,0.582378784
2917,1.281710704
2918,1.265861493
2919,1.221666216
2920,1.101347635
2921,1.697394019
2922,1.058688295
2923,1.116375001
2924,1.038641935
2925,0.682405809
2926,0.476751047
2927,0.716021254
2928,1.197564701
2929,0.160148481
2930,1.250204977
2931,0.893891503
2932,0.638687885
2933,1.483628797
2934,1.238855426
2935,0.095736266
2936,1.213863871
2937,0.815989926
2938,1.261445966
2939,0.168905989
2940,0.321053177
2941,0.461986838
2942,0.673915011
2943,1.213423101
2944,1.355599453
2945,1.214969941
2946,0.821916799
2947,1.089074985
2948,1.042693113
2949,0.190410415
2950,0.54083543
2951,0.35405223
2952,1.12590538
2953,0.953060725
2954,0.975042745
2955,0.317244148
2956,1.353777385
2957,0.982564945
2958,0.68036088
2959,0.85170169
2960,1.449443549
2961,1.339294005
2962,0.583960719
2963,0.962340301
2964,1.198356932
2965,0.790004743
2966,1.859985697
2967,0.453796871
2968,0.716728644
2969,0.745177045
2970,0.741003964
2971,1.088789023
2972,0.639690521
2973,1.489210242
2974,1.277695135
2975,1.114078782
2976,1.34884831
2977,0.332201436
2978,0.271805418
2979,0.680868414
2980,0.558504687
2981,0.379656994
2982,0.912587305
2983,1.203929252
2984,2.018784349
2985,1.156116218
2986,1.088330893
2987,1.825336439
2988,0.367434875
2989,0.873307142
2990,1.104378806
2991,1.301745332
2992,1.280614659
2993,1.303904901
2994,1.53297915
2995,0.86036892
2996,0.66211901
2997,1.285025798
2998,0.223857868
2999,1.129198489
3000,0.959500359
3001,1.767170631
3002,1.243674252
3003,0.680382826
3004,0.933527794
3005,1.221150374
3006,1.083834885
3007,1.552635835
3008,1.185549622
3009,1.261179605
3010,1.109251978
3011,0.566879017
3012,1.101445135
3013,0.444961122
3014,0.813619
3015,0.719910752
3016,0.370626412
3017,0.728094998
3018,0.626838024
3019,2.00414457
3020,0.900691061
3021,1.144005301
3022,0.795007059
3023,0.813323045
3024,0.896836774
3025,0.372773438
3026,0.975469189
3027,0.344012027
3028,0.452275214
3029,0.956460482
3030,1.404708238
3031,0.645959341
3032,0.970728817
3033,2.432649919
3034,0.95030273
3035,0.613052551
3036,0.748297361
3037,0.616889921
3038,0.711753201
3039,1.481734877
3040,0.835184809
3041,1.349038598
3042,0.293175844
3043,0.173551813
3044,1.61826321
3045,1.192034429
3046,1.492345281
3047,0.323278684
3048,0.921126306
3049,1.421279298
3050,0.454503571
3051,1.115908724
3052,0.14145967
3053,1.337338349
3054,1.52708141
3055,1.633061284
3056,1.962668481
3057,1.069318489
3058,0.305006324
3059,2.351418689
3060,0.946176561
3061,0.557592614
3062,0.955156558
3063,1.118374117
3064,0.44293066
3065,0.360151606
3066,1.410855876
3067,0.662462523
3068,0.857887501
3069,1.265953607
3070,1.295776402
3071,0.530580085
3072,0.683472676
3073,0.933627257
3074,0.924085305
3075,0.967058053
3076,0.842458964
3077,1.335654757
3078,0.526419119
3079,0.646244938
3080,1.264818676
3081,1.751835603
3082,1.096337498
3083,1.108066146
3084,1.233952411
3085,1.266407373
3086,0.975219714
3087,1.398592827
3088,0.952874942
3089,1.048355111
3090,0.731240823
3091,0.445116212
3092,0.77940589
3093,1.357662328
3094,0.505307866
3095,1.44240928
3096,0.491305161
3097,1.497609513
3098,0.572874382
3099,1.129277079
3100,0.712148825
3101,0.462519723
3102,0.416631159
3103,1.527198671
3104,1.585638472
3105,0.794916333
3106,1.314873849
3107,1.750486425
3108,0.504914129
3109,1.001487364
3110,0.87622832
3111,1.211983191
3112,1.35785174
3113,0.700313776
3114,0.838229643
3115,0.557316237
3116,0.499900902
3117,0.97202219
3118,1.915339049
3119,1.286480637
3120,0.154285835
3121,1.335385491
3122,1.535822595
3123,0.7847719
3124,0.396300089
3125,0.260701354
3126,1.223088153
3127,1.057690368
3128,1.804549422
3129,0.294072294
3130,1.44190856
3131,0.897427709
3132,2.045435329
3133,0.812410265
3134,0.501182981
3135,0.960438278
3136,1.002549183
3137,0.901949716
3138,0.990362067
3139,1.881376983
3140,1.543393398
3141,0.666085247
3142,1.342167676
3143,1.508163147
3144,0.346817015
3145,0.850229392
3146,0.694610992
3147,0.890032217
3148,0.749870633
3149,0.840441073
3150,0.735274875
3151,0.751803338
3152,0.903613484
3153,0.281173614
3154,0.991153832
3155,0.682299064
3156,0.481050456
3157,2.281501472
3158,0.868891464
3159,0.523461848
3160,1.289277309
3161,1.862400964
3162,1.642759751
3163,1.85472526
3164,0.259690302
3165,0.405014412
3166,1.424050881
3167,0.980739813
3168,0.564484786
3169,1.178132754
3170,0.606325954
3171,0.845118298
3172,1.296769566
3173,0.404210342
3174,0.317031523
3175,0.500155233
3176,0.073485161
3177,2.366938908
3178,0.536725783
3179,0.789660176
3180,1.202015228
3181,1.806718216
3182,0.213837471
3183,1.287998251
3184,0.649105178
3185,1.992308401
3186,0.640376584
3187,0.643288858
3188,1.339571168
3189,0.854164211
3190,1.148500858
3191,0.081427523
3192,1.193984278
3193,1.809072187
3194,0.901758465
3195,0.741963686
3196,0.544276054
3197,1.43827557
3198,0.751185219
3199,0.595863485
3200,0.586377378
3201,0.434240416
3202,1.156809413
3203,0.910254782
3204,0.430473171
3205,0.308978513
3206,0.183990707
3207,0.896240348
3208,0.640706232
3209,2.452008545
3210,0.908726497
3211,0.976469215
3212,2.154585039
3213,0.388241199
3214,0.578246081
3215,0.326162115
3216,1.217130872
3217,1.174587121
3218,1.67050813
3219,1.345845178
3220,0.835733052
3221,0.55326773
3222,1.292038811
3223,1.10599219
3224,0.770749301
3225,0.828457356
3226,0.931070746
3227,1.070576745
3228,1.121724421
3229,0.637362951
3230,0.566239946
3231,0.094885658
3232,0.77113743
3233,1.168294298
3234,1.950834287
3235,0.811726599
3236,0.505442669
3237,0.658039788
3238,0.72249638
3239,1.493966947
3240,1.505905536
3241,1.222376096
3242,1.805017848
3243,0.790204643
3244,0.494782717
3245,0.743603104
3246,0.813712183
3247,0.823087604
3248,0.790560324
3249,1.238164718
3250,0.958846515
3251,0.78395227
3252,1.046806934
3253,0.89183854
3254,1.17393881
3255,1.10476237
3256,0.235868236
3257,1.300359503
3258,2.018259206
3259,0.676934596
3260,0.780871377
3261,0.611358612
3262,0.659788705
3263,1.059753511
3264,0.60595825
3265,1.107875716
3266,1.149983714
3267,0.919613445
3268,1.403017069
3269,1.154187321
3270,0.380202894
3271,1.45861068
3272,0.86111674
3273,0.545659121
3274,1.17242512
3275,0.258606455
3276,0.79463154
3277,0.630236717
3278,0.482652259
3279,1.589512693
3280,0.651790646
3281,0.763328733
3282,1.366188085
3283,0.274487633
3284,1.264004508
3285,1.032867595
3286,0.888946177
3287,1.184889374
3288,0.51871982
3289,1.16910446
3290,0.916464609
3291,0.593747166
3292,0.547261428
3293,0.818041497
3294,0.260454286
3295,1.279631508
3296,0.750407858
3297,0.513401535
3298,1.834813667
3299,1.805477326
3300,1.877612751
3301,0.399286258
3302,1.108080317
3303,0.726407857
3304,1.322326509
3305,0.248954936
3306,1.026012505
3307,0.424767113
3308,2.212484295
3309,0.349439261
3310,1.693060319
3311,0.766775005
3312,0.427807158
3313,0.968558665
3314,1.381242305
3315,0.675027868
3316,0.877360642
3317,0.960908251
3318,0.628129425
3319,1.067282949
3320,0.620205401
3321,0.903990257
3322,0.313279272
3323,0.81624348
3324,1.327877452
3325,0.975478748
3326,1.059126182
3327,0.515054737
3328,1.06150993
3329,0.70783175
3330,0.28507137
3331,1.699591195
3332,1.804735471
3333,1.359408854
3334,1.243054201
3335,1.404658327
3336,1.079225154
3337,0.640503049
3338,0.961265133
3339,0.375957972
3340,0.760178465
3341,0.363969231
3342,1.487452121
3343,0.661878
3344,0.995327957
3345,1.346812195
3346,1.129529518
3347,2.010984405
3348,0.825232118
3349,1.941784142
3350,0.816090102
3351,1.834641074
3352,1.095704912
3353,1.927441689
3354,0.82531448
3355,0.920045143
3356,0.492849833
3357,0.871694187
3358,1.730318408
3359,0.563436939
3360,0.771829129
3361,0.575224882
3362,1.324070844
3363,0.616930069
3364,0.713066938
3365,0.877963984
3366,0.325839128
3367,1.335900204
3368,0.549746115
3369,1.171406078
3370,1.077663211
3371,0.763732091
3372,0.769752073
3373,0.798548179
3374,1.064994307
3375,1.890033131
3376,0.593440292
3377,1.194704816
3378,0.588754686
3379,0.827202332
3380,0.626475977
3381,0.768703193
3382,1.74909332
3383,0.801466199
3384,0.367331572
3385,0.937578842
3386,0.586669261
3387,0.792559656
3388,0.85452441
3389,1.193456778
3390,1.037378349
3391,1.401897132
3392,0.939628779
3393,0.249714408
3394,0.864161565
3395,0.839011724
3396,0.832085357
3397,0.714555097
3398,0.979801657
3399,1.435300612
3400,1.016898085
3401,1.059871927
3402,2.074531278
3403,1.887616047
3404,0.707319598
3405,0.442437012
3406,0.976507703
3407,1.107123379
3408,1.098367789
3409,0.659855281
3410,1.280989077
3411,0.924871879
3412,0.954271908
3413,0.391905678
3414,0.2666308
3415,1.434139744
3416,1.050681933
3417,0.707458294
3418,1.091282897
3419,1.18202361
3420,1.113735829
3421,1.433920095
3422,1.419901867
3423,0.989688775
3424,0.593893991
3425,1.176445714
3426,1.131512867
3427,0.913145714
3428,1.171934479
3429,1.390433802
3430,1.15590046
3431,1.455633236
3432,1.157395351
3433,1.303709627
3434,1.636442807
3435,1.385995816
3436,0.985942861
3437,0.565772044
3438,0.59820156
3439,0.956241131
3440,0.665591355
3441,0.528799938
3442,0.869382308
3443,1.365742054
3444,0.108838126
3445,0.716049838
3446,0.879230316
3447,0.561615693
3448,0.554324273
3449,0.562446835
3450,0.591942563
3451,1.835356313
3452,0.510769397
3453,0.683607901
3454,1.380448189
3455,0.892547039
3456,1.586617949
3457,0.806386294
3458,2.14410963
3459,0.771486519
3460,0.795558391
3461,0.945577678
3462,1.516067876
3463,1.271085126
3464,1.149060292
3465,0.979091784
3466,1.102778767
3467,0.755245049
3468,1.478892905
3469,0.658940647
3470,0.633139296
3471,0.491069376
3472,0.759112485
3473,0.391594028
3474,1.119573226
3475,0.965729697
3476,1.708456656
3477,0.857691685
3478,0.984776227
3479,0.917466487
3480,0.73287121
3481,0.903610188
3482,0.651846264
3483,0.790665841
3484,0.726627716
3485,1.620827187
3486,0.576975572
3487,1.256616576
3488,0.690753582
3489,0.839675475
3490,0.869889766
3491,0.804874377
3492,0.74436112
3493,1.076794456
3494,1.16396508
3495,1.186534978
3496,1.657900725
3497,2.005490431
3498,1.012291724
3499,0.670197684
3500,1.53632237
3501,0.642044292
3502,0.609938907
3503,1.084117081
3504,1.205112571
3505,0.678954367
3506,1.483575894
3507,0.88264166
3508,1.108045613
3509,0.923072829
3510,0.400225666
3511,1.594682346
3512,1.270802873
3513,1.325815844
3514,1.389097722
3515,0.715734581
3516,1.045469644
3517,0.651337243
3518,2.164209195
3519,0.615253525
3520,0.608299164
3521,0.777486261
3522,0.87216915
3523,0.931237276
3524,0.716494089
3525,0.616807738
3526,0.245390134
3527,0.297056467
3528,1.466431509
3529,1.007512703
3530,0.715723638
3531,0.569234144
3532,0.211199674
3533,0.791791263
3534,1.489018299
3535,0.991521894
3536,1.469008938
3537,0.354446691
3538,0.667779098
3539,0.218042687
3540,0.784089388
3541,0.836270828
3542,1.150127791
3543,1.755989097
3544,0.717894102
3545,1.362903558
3546,1.055464815
3547,0.353628075
3548,0.898471932
3549,1.674118047
3550,1.760967528
3551,1.237306491
3552,1.147684736
3553,0.863046443
3554,1.456789269
3555,1.384177251
3556,0.824456678
3557,0.606097393
3558,0.969786999
3559,0.600213085
3560,0.773012895
3561,0.52505651
3562,1.053774179
3563,1.602217225
3564,0.416566722
3565,1.09458936
3566,0.907083915
3567,0.982412027
3568,1.106957857
3569,0.873742196
3570,1.545339502
3571,1.031466761
3572,0.739888153
3573,0.671864105
3574,0.7755765
3575,1.388758788
3576,1.349156617
3577,0.980309123
3578,1.060493387
3579,1.610429154
3580,1.129786297
3581,0.970983967
3582,0.652516741
3583,1.107757891
3584,1.446862391
3585,1.07310376
3586,0.465854183
3587,1.178051363
3588,1.283719787
3589,0.879772508
3590,1.605628455
3591,1.333722508
3592,2.063761658
3593,0.981268022
3594,0.870508315
3595,0.890890767
3596,0.582086484
3597,1.273576771
3598,0.919684072
3599,0.97540409
3600,0.379811518
3601,1.196463571
3602,0.251709376
3603,1.266840765
3604,0.380640852
3605,1.198317569
3606,0.585885491
3607,0.776356088
3608,1.400889678
3609,0.529975281
3610,0.706946266
3611,0.487941425
3612,0.815482209
3613,0.494267265
3614,0.696629037
3615,0.824213835
3616,1.468063977
3617,0.789873952
3618,2.226562185
3619,1.088450008
3620,1.586681349
3621,0.687134304
3622,1.489274063
3623,0.672589175
3624,0.694150107
3625,1.205082631
3626,0.835175271
3627,0.417316507
3628,0.456495647
3629,0.766465332
3630,1.292173835
3631,0.313976323
3632,1.9058418
3633,0.856620136
3634,0.591845198
3635,1.487431195
3636,0.908722895
3637,0.702213852
3638,0.879726291
3639,0.833653518
3640,1.906161351
3641,0.644110242
3642,0.164128417
3643,1.6356362
3644,0.647567763
3645,1.210235384
3646,0.8059233
3647,0.556338753
3648,1.355023266
3649,2.088763426
3650,0.92321371
3651,1.303221783
3652,0.318803721
3653,0.639603484
3654,1.255388293
3655,0.975739263
3656,1.118356742
3657,0.275952425
3658,2.511105244
3659,0.933856054
3660,0.82116741
3661,1.50109436
3662,0.776891939
3663,1.140837193
3664,0.941026997
3665,0.824284115
3666,0.54576786
3667,1.068795426
3668,0.623660452
3669,0.890698539
3670,1.162919291
3671,0.880265408
3672,0.452094008
3673,1.588912404
3674,0.711075908
3675,0.702588845
3676,1.056156944
3677,0.269483296
3678,0.160803139
3679,0.605814067
3680,1.088548003
3681,0.560425341
3682,1.591256029
3683,0.381566482
3684,1.891153372
3685,0.721439606
3686,0.881488892
3687,0.325627271
3688,1.081776551
3689,0.761980248
3690,2.213197317
3691,1.183196099
3692,1.422515855
3693,1.579747736
3694,0.813505793
3695,1.14678813
3696,0.760939824
3697,0.976903682
3698,0.471865242
3699,1.101380665
3700,1.362856762
3701,1.205948287
3702,0.830727031
3703,1.374358027
3704,1.255671167
3705,0.306828355
3706,0.682786646
3707,1.054621349
3708,0.964739765
3709,0.76390523
3710,1.01625351
3711,0.673993699
3712,0.315427386
3713,1.17795756
3714,1.586047394
3715,0.391051863
3716,0.923822082
3717,0.512754912
3718,1.095302256
3719,1.664994788
3720,1.543248569
3721,1.238359933
3722,0.276620157
3723,1.141597717
3724,0.819837527
3725,1.233550511
3726,1.110136069
3727,1.791712332
3728,1.354343137
3729,1.025108455
3730,1.31254676
3731,0.242994355
3732,0.732705664
3733,1.467041156
3734,0.833304941
3735,0.574502437
3736,1.360708877
3737,0.602757214
3738,1.024521246
3739,1.262111865
3740,0.432607135
3741,1.231782274
3742,1.242188997
3743,0.76039105
3744,0.354126009
3745,0.584113809
3746,0.72286253
3747,1.657785007
3748,1.363107693
3749,1.927861508
3750,0.811418443
3751,1.303015007
3752,0.398439262
3753,1.171001464
3754,1.92646862
3755,1.868004374
3756,1.034761783
3757,0.430105859
3758,1.210774113
3759,0.843608251
3760,1.081873866
3761,1.290617483
3762,0.406498217
3763,0.781429876
3764,0.745532977
3765,0.919147319
3766,1.444349708
3767,0.761835794
3768,1.897755585
3769,0.435447386
3770,1.479533785
3771,0.316388297
3772,0.535441377
3773,0.81721984
3774,0.712333565
3775,0.770385206
3776,1.183281315
3777,1.488598638
3778,0.570589311
3779,0.961606254
3780,1.06315224
3781,2.538260432
3782,1.033713904
3783,0.518788739
3784,0.3837555
3785,1.332567386
3786,0.804645523
3787,0.330744015
3788,0.518692649
3789,0.302933644
3790,0.863868733
3791,0.753942999
3792,1.02065574
3793,0.776357328
3794,1.532997958
3795,0.969785236
3796,0.710683851
3797,1.512761635
3798,1.581446809
3799,0.662735434
3800,1.110478916
3801,1.310351911
3802,0.743649342
3803,1.124839051
3804,1.312055914
3805,0.538071804
3806,0.299756157
3807,0.626227988
3808,1.314437795
3809,1.122250911
3810,0.786022531
3811,0.759360872
3812,0.771551472
3813,1.018913709
3814,1.839062618
3815,0.411136559
3816,0.757078664
3817,0.870094646
3818,1.17440872
3819,0.977005276
3820,0.722834086
3821,1.273385852
3822,0.362389565
3823,0.968715863
3824,1.482320279
3825,1.160873615
3826,0.83672053
3827,1.462898009
3828,0.961769287
3829,0.856806189
3830,0.512184325
3831,0.923024548
3832,1.033888252
3833,2.149720535
3834,0.044993247
3835,0.741802263
3836,0.54504612
3837,0.336716662
3838,1.54048372
3839,1.017874843
3840,1.046385482
3841,0.523769879
3842,1.252936341
3843,0.845334715
3844,0.861379983
3845,0.518440451
3846,0.580381653
3847,1.019339034
3848,1.475834502
3849,1.586469713
3850,0.532893097
3851,2.51403231
3852,1.954104814
3853,0.195874757
3854,0.55120002
3855,0.854051288
3856,1.814865621
3857,0.477191067
3858,1.108511147
3859,0.03696597
3860,0.919829787
3861,1.419713329
3862,1.030316992
3863,0.314884882
3864,1.171585483
3865,1.453468479
3866,1.722463706
3867,0.783132418
3868,0.626067404
3869,0.719413213
3870,1.449424862
3871,0.692280808
3872,0.872846412
3873,1.055504695
3874,0.589261047
3875,2.265432239
3876,1.395736754
3877,0.502555976
3878,0.773971914
3879,1.678444434
3880,1.66002822
3881,2.502747457
3882,0.177960729
3883,1.151486747
3884,0.921484554
3885,0.518279784
3886,1.729441732
3887,0.429993103
3888,0.574878946
3889,0.673960726
3890,1.122714194
3891,1.004511215
3892,0.35725829
3893,0.896331189
3894,0.56495395
3895,0.534085015
3896,0.56374283
3897,1.453632883
3898,0.784158474
3899,0.474835941
3900,0.765756525
3901,1.172364326
3902,1.093063803
3903,0.887220804
3904,0.292966491
3905,2.529174492
3906,2.224539481
3907,0.47252687
3908,0.866783189
3909,0.939630682
3910,0.465492019
3911,0.447798354
3912,0.758851421
3913,0.770308302
3914,0.514642979
3915,1.071740178
3916,1.425639588
3917,0.292878006
3918,1.000544372
3919,1.062435715
3920,1.141837157
3921,0.507442055
3922,2.101377836
3923,0.223212541
3924,0.897738371
3925,0.476619919
3926,0.737617705
3927,0.460574417
3928,1.601528296
3929,0.691289031
3930,1.429201623
3931,2.046660841
3932,1.340922412
3933,0.908423046
3934,0.831957603
3935,0.133642527
3936,0.971830372
3937,2.400949728
3938,0.960149738
3939,0.342775133
3940,0.987571034
3941,1.032212733
3942,0.477096751
3943,0.649873732
3944,0.963636269
3945,0.639493805
3946,1.277631456
3947,0.606569426
3948,1.074465463
3949,1.071300021
3950,0.69253034
3951,0.863312818
3952,0.916800848
3953,1.493998571
3954,0.549063879
3955,1.594400225
3956,0.882801944
3957,0.882274605
3958,1.14574638
3959,1.061252022
3960,0.61896836
3961,2.168085464
3962,0.902062526
3963,0.57131612
3964,0.562857299
3965,1.266833524
3966,1.200356413
3967,0.86840305
3968,0.691169141
3969,0.421751762
3970,0.500388648
3971,1.679106075
3972,0.826708342
3973,1.648179276
3974,0.889265417
3975,1.133033111
3976,0.822970125
3977,1.626193514
3978,0.513113909
3979,1.00267088
3980,1.242136296
3981,0.283545698
3982,0.260167119
3983,1.101198319
3984,1.179901178
3985,0.605683773
3986,0.770337821
3987,1.285144298
3988,1.157383179
3989,1.366436132
3990,1.254342134
3991,0.739078514
3992,0.825334028
3993,0.485288478
3994,1.174255175
3995,0.763938248
3996,0.516797738
3997,1.732569473
3998,1.332407594
3999,0.968589178
4000,1.718098339
4001,0.430684625
4002,1.082746102
4003,0.740049747
4004,0.710170149
4005,0.705996898
4006,0.935086052
4007,1.567553432
4008,1.069180506
4009,0.490079589
4010,1.646055527
4011,0.457714501
4012,0.938656416
4013,0.559465336
4014,0.906671432
4015,1.649926527
4016,0.862453088
4017,0.99869943
4018,1.113018141
4019,1.375623323
4020,1.855558161
4021,0.601735417
4022,0.763672687
4023,0.939682608
4024,1.155882139
4025,1.309686999
4026,0.832070143
4027,1.917865473
4028,0.648058573
4029,0.754654237
4030,0.721689537
4031,0.901968865
4032,1.663606288
4033,0.966597187
4034,1.740656672
4035,0.715533909
4036,0.311049411
4037,1.193550087
4038,1.049902431
4039,1.215211365
4040,1.425541658
4041,1.625161126
4042,1.046345867
4043,0.415131147
4044,1.218345891
4045,0.304159304
4046,0.953390437
4047,1.068580636
4048,0.70760849
4049,1.101488329
4050,0.454146015
4051,0.667366286
4052,0.432517027
4053,0.96492093
4054,0.486577729
4055,0.431120211
4056,0.613383394
4057,1.133389911
4058,1.843828005
4059,0.212872451
4060,1.407970999
4061,1.217949655
4062,0.843974715
4063,0.629715244
4064,0.697701555
4065,1.107868239
4066,0.463132186
4067,0.81800445
4068,0.948244179
4069,0.529824701
4070,0.585855954
4071,2.042774916
4072,0.612603214
4073,0.767419058
4074,0.80212567
4075,0.901319305
4076,1.2178428
4077,0.851861728
4078,0.89298854
4079,1.35046049
4080,0.996261882
4081,0.919874663
4082,0.746922608
4083,0.582351981
4084,0.884095275
4085,0.53203129
4086,1.194390961
4087,1.26952299
4088,0.879610457
4089,1.180051483
4090,1.541586891
4091,0.96092304
4092,1.418698726
4093,0.611666557
4094,1.448036076
4095,1.332307096
4096,0.941749586
4097,0.951735809
4098,1.450846796
4099,0.614056369
4100,1.148513006
4101,0.337544932
4102,0.707246919
4103,1.262829213
4104,0.87747347
4105,2.044516718
4106,1.091488873
4107,1.638222631
4108,1.063367081
4109,0.697317155
4110,1.421265524
4111,0.97182734
4112,0.671731963
4113,1.222445281
4114,0.956172755
4115,0.862515099
4116,1.034878672
4117,0.662175945
4118,0.64855857
4119,1.080140903
4120,1.196574594
4121,1.245801355
4122,0.913127131
4123,0.631452392
4124,1.24259037
4125,0.830710783
4126,0.863811697
4127,1.021946353
4128,1.056846267
4129,0.586438293
4130,0.501187253
4131,1.018456054
4132,0.818247222
4133,1.68063942
4134,0.836814776
4135,0.815043385
4136,1.864710363
4137,0.333776328
4138,0.951278485
4139,0.759584481
4140,1.458374826
4141,1.212152891
4142,1.541117828
4143,1.086676273
4144,0.620458342
4145,0.651407395
4146,1.042725907
4147,1.735710991
4148,0.520322716
4149,0.780501424
4150,0.465158884
4151,0.909318847
4152,1.451160183
4153,0.851290311
4154,0.435183856
4155,1.305147634
4156,1.195416075
4157,1.025865083
4158,0.487221128
4159,0.611697056
4160,1.311646553
4161,1.990486489
4162,0.606249981
4163,0.648860129
4164,0.831039862
4165,0.710473476
4166,1.113065493
4167,0.621099733
4168,1.231778033
4169,0.794130453
4170,2.235131119
4171,0.562921548
4172,1.157543671
4173,0.810810295
4174,0.775460452
4175,1.064214671
4176,0.702771389
4177,1.239070025
4178,0.390926099
4179,0.538753984
4180,0.792792163
4181,0.79561761
4182,1.560916259
4183,0.682127906
4184,1.410632685
4185,1.790051026
4186,1.48664449
4187,0.752736039
4188,0.524709786
4189,0.651676271
4190,0.682743144
4191,1.458821348
4192,0.861858446
4193,1.492072799
4194,0.657756675
4195,0.723201514
4196,1.661657304
4197,0.776307569
4198,0.588549344
4199,0.83074825
4200,0.752471732
4201,0.499251298
4202,0.902517822
4203,0.816457694
4204,0.564639359
4205,0.701392185
4206,0.58447663
4207,1.863121849
4208,0.852491641
4209,1.053149801
4210,1.26296756
4211,1.12728492
4212,1.70400656
4213,2.176376159
4214,1.264788432
4215,1.150030916
4216,1.221257369
4217,0.491755136
4218,0.286026166
4219,0.167111212
4220,1.044592814
4221,0.692865
4222,0.766410848
4223,1.017902509
4224,0.638518291
4225,0.840225748
4226,1.03093871
4227,0.69527223
4228,1.345525962
4229,0.969366341
4230,0.359537134
4231,1.336146105
4232,1.262768575
4233,0.888928411
4234,1.003631528
4235,0.877848989
4236,0.920410998
4237,0.404897478
4238,0.252264239
4239,0.508081091
4240,0.783604903
4241,0.741312677
4242,2.030392745
4243,0.630320969
4244,0.516655156
4245,0.446918836
4246,0.968449553
4247,2.055482057
4248,0.622897977
4249,0.810002807
4250,1.058697664
4251,0.429982761
4252,0.416357944
4253,1.749923524
4254,0.867196296
4255,0.730705636
4256,0.497909201
4257,0.470965605
4258,0.964234295
4259,0.735920138
4260,0.818508332
4261,0.910461368
4262,0.980659014
4263,1.008973042
4264,0.372916791
4265,0.893677877
4266,0.623700297
4267,1.701125846
4268,1.19242794
4269,0.333376795
4270,2.106837514
4271,1.562200131
4272,0.627822667
4273,1.032768332
4274,0.772398915
4275,0.698646732
4276,0.383201342
4277,0.545024022
4278,0.14509309
4279,0.829170703
4280,0.924735832
4281,2.425310935
4282,0.462463366
4283,0.929592764
4284,1.008917157
4285,0.841390884
4286,0.60712269
4287,0.67433428
4288,0.834516284
4289,2.319351617
4290,0.871713582
4291,1.440634179
4292,0.4036038
4293,1.518305263
4294,1.265443397
4295,0.81733311
4296,1.217016786
4297,0.921193317
4298,1.186248245
4299,0.989611335
4300,0.5462948
4301,0.92837013
4302,0.596447986
4303,0.682265654
4304,0.684862652
4305,0.680674009
4306,1.016918111
4307,2.47627904
4308,0.868929108
4309,0.40267823
4310,0.698583094
4311,1.020750892
4312,1.091907315
4313,1.318405771
4314,0.908840781
4315,0.56999317
4316,0.803831075
4317,0.412290268
4318,1.539386866
4319,0.815043447
4320,1.278408777
4321,0.452901999
4322,0.92973636
4323,1.105683492
4324,1.053878577
4325,0.634753405
4326,1.254533924
4327,0.648475649
4328,0.55582341
4329,2.221509865
4330,1.113776494
4331,0.871911737
4332,1.051968254
4333,0.992573893
4334,1.29760844
4335,0.716474765
4336,0.694775842
4337,0.743481887
4338,1.291041516
4339,1.072587573
4340,0.660236655
4341,1.34108977
4342,0.603066569
4343,0.799231775
4344,1.106151939
4345,0.782959696
4346,1.127424328
4347,0.502195001
4348,0.95736659
4349,0.708689402
4350,1.46606764
4351,2.110911276
4352,0.765729454
4353,1.042026851
4354,1.105025682
4355,1.21833029
4356,1.18311048
4357,0.108483886
4358,2.105595431
4359,1.011513187
4360,0.52166338
4361,0.554114827
4362,0.76460208
4363,0.500273358
4364,0.727857595
4365,0.702093537
4366,0.845125307
4367,0.667195687
4368,1.017894993
4369,0.499545295
4370,1.25692469
4371,1.860236006
4372,0.894070886
4373,0.828253249
4374,0.282238746
4375,1.138522554
4376,0.570595242
4377,0.405208264
4378,0.215955854
4379,0.688683392
4380,0.458020248
4381,1.368820528
4382,0.794503555
4383,0.548575347
4384,0.814076668
4385,0.300303957
4386,1.644235911
4387,0.746166368
4388,2.286491186
4389,0.465118586
4390,0.332602441
4391,0.958170123
4392,0.798342077
4393,1.100786801
4394,0.770491922
4395,1.845129729
4396,0.968945546
4397,1.215765962
4398,1.277393424
4399,0.659693465
4400,0.496764477
4401,0.984116664
4402,0.748320254
4403,0.970553897
4404,0.258762054
4405,0.590157226
4406,0.930486807
4407,0.339721627
4408,0.596323711
4409,0.662063654
4410,1.123865746
4411,1.414101513
4412,0.357657217
4413,0.340855402
4414,0.71757442
4415,1.618079662
4416,0.697334395
4417,1.495445316
4418,0.824812693
4419,0.491871555
4420,1.126886772
4421,1.253189309
4422,1.283230759
4423,1.12245052
4424,0.324031356
4425,0.256676473
4426,1.609476158
4427,0.388691088
4428,0.813556918
4429,0.510727217
4430,0.531263519
4431,0.732861343
4432,0.535764106
4433,0.994778907
4434,1.244801196
4435,0.666016728
4436,0.870332706
4437,0.407180953
4438,0.955436374
4439,0.569802856
4440,0.30036294
4441,0.85543618
4442,0.546510074
4443,0.814681337
4444,1.045193014
4445,0.349743236
4446,1.223531385
4447,0.469680125
4448,2.352739885
4449,0.725417015
4450,0.507058774
4451,0.662570989
4452,1.625618381
4453,1.123301885
4454,0.866696051
4455,0.365225034
4456,1.450979535
4457,0.491156004
4458,0.295147987
4459,0.720854884
4460,2.277104342
4461,1.641639392
4462,0.436898751
4463,0.861390103
4464,1.37423428
4465,0.499789831
4466,0.901862145
4467,1.012218332
4468,1.268398074
4469,0.773122823
4470,1.234976763
4471,0.647296234
4472,0.487053631
4473,2.36703258
4474,0.709742647
4475,1.178386102
4476,1.246921685
4477,0.864322138
4478,0.615029227
4479,1.006309299
4480,1.039098352
4481,0.376872214
4482,1.092241554
4483,1.452995866
4484,0.993203615
4485,0.392740246
4486,1.27955312
4487,1.512761574
4488,1.369135378
4489,1.497158741
4490,0.495063535
4491,0.820533242
4492,0.686480095
4493,1.142566134
4494,0.777065844
4495,1.561815768
4496,0.878128762
4497,1.769811401
4498,1.049386757
4499,0.599563581
4500,0.606025822
4501,0.213514884
4502,2.204336827
4503,0.324102739
4504,0.988247741
4505,0.839341468
4506,0.509127625
4507,0.40971304
4508,1.491789482
4509,0.851325791
4510,1.428980353
4511,0.839634091
4512,1.522982587
4513,0.868614084
4514,0.634622502
4515,0.953218539
4516,1.299219992
4517,1.527661498
4518,0.655751465
4519,0.382440165
4520,0.514507813
4521,0.690071927
4522,0.980562557
4523,1.059049984
4524,0.644849746
4525,0.512544255
4526,1.345167238
4527,0.589560532
4528,1.672940801
4529,0.636038365
4530,0.928179135
4531,1.637721893
4532,1.782779163
4533,0.621228962
4534,0.625101235
4535,1.66247518
4536,1.507876711
4537,0.629171979
4538,2.120406763
4539,0.965261419
4540,1.09447885
4541,1.339303903
4542,0.42525255
4543,0.976503694
4544,1.668802716
4545,0.598181406
4546,1.181061856
4547,1.375930493
4548,0.577800525
4549,1.50836515
4550,0.903098588
4551,1.049603832
4552,1.942220522
4553,1.765008676
4554,0.846814327
4555,1.419983641
4556,0.888788559
4557,0.443968881
4558,0.853219591
4559,1.339636061
4560,0.411327238
4561,0.477877663
4562,1.130394974
4563,0.628629826
4564,0.612596654
4565,1.120984665
4566,0.750298489
4567,0.436466539
4568,0.94942612
4569,1.206730978
4570,0.036581865
4571,1.886524658
4572,0.329288507
4573,1.473753086
4574,1.138306091
4575,2.045091948
4576,0.217837706
4577,0.569173411
4578,1.152536243
4579,0.646576983
4580,0.316870106
4581,0.562213519
4582,0.789487638
4583,0.728079317
4584,1.714025254
4585,0.364536211
4586,1.099952383
4587,2.010125194
4588,1.357199015
4589,1.433569153
4590,0.938291796
4591,0.460438553
4592,0.746697722
4593,0.194042706
4594,0.763775246
4595,1.938446072
4596,0.347464129
4597,0.671846905
4598,0.788972666
4599,1.004849975
4600,0.709695904
4601,0.78323963
4602,1.109023173
4603,0.821851465
4604,1.889680621
4605,0.247104914
4606,2.206779567
4607,0.38811972
4608,0.476593144
4609,1.814605565
4610,1.503309108
4611,0.555943733
4612,0.861515357
4613,0.818225965
4614,1.404611642
4615,0.438136965
4616,0.662375483
4617,0.486458072
4618,0.996714388
4619,0.000161519
4620,0.866788346
4621,1.136075025
4622,0.864345564
4623,0.818297521
4624,1.181693363
4625,2.382657886
4626,0.557446882
4627,1.055396723
4628,0.641999744
4629,1.29761568
4630,1.607949159
4631,1.046532846
4632,0.7589792
4633,0.532914525
4634,1.580641689
4635,0.711346737
4636,0.462201614
4637,0.842516526
4638,0.825630014
4639,1.522074981
4640,0.71479652
4641,1.316205762
4642,1.004925813
4643,0.616429659
4644,1.207437747
4645,0.381451881
4646,0.796888639
4647,1.25949242
4648,1.054331716
4649,0.405665513
4650,1.389591802
4651,1.159678502
4652,1.389760289
4653,1.020066096
4654,1.740659516
4655,1.159759683
4656,0.836943442
4657,1.398071101
4658,0.827161378
4659,1.231362849
4660,1.360052876
4661,0.421403766
4662,0.718036642
4663,0.708500171
4664,0.241007193
4665,0.648510591
4666,1.780857893
4667,0.366442718
4668,0.515992016
4669,0.607801017
4670,1.157502668
4671,1.100616881
4672,1.193796508
4673,1.435690204
4674,0.968219395
4675,1.857813248
4676,0.854029811
4677,0.652615297
4678,0.998048185
4679,1.866014162
4680,1.642674385
4681,0.568009235
4682,1.354443551
4683,0.738019506
4684,0.271918404
4685,0.368199323
4686,0.874035062
4687,0.572244203
4688,1.177274511
4689,1.145924324
4690,0.713375428
4691,0.8759374
4692,0.8982892
4693,1.26193453
4694,0.914255274
4695,0.495559396
4696,0.190028329
4697,1.018319857
4698,1.139519392
4699,0.647671618
4700,1.569369186
4701,0.803968084
4702,0.811383888
4703,0.814502755
4704,1.232045513
4705,1.727144924
4706,1.275949692
4707,1.249252386
4708,0.624915636
4709,0.709872484
4710,0.573114902
4711,1.289587984
4712,1.146832383
4713,1.229124049
4714,0.906411617
4715,0.639544509
4716,0.774752359
4717,2.196632161
4718,1.538732379
4719,1.263967027
4720,0.938184206
4721,0.428482509
4722,0.593216011
4723,1.028821352
4724,1.232143774
4725,0.984842864
4726,1.933165979
4727,1.456549281
4728,1.019499548
4729,0.93747236
4730,0.865914902
4731,1.003191375
4732,0.90773579
4733,0.700245591
4734,1.980943811
4735,1.105608717
4736,1.328154031
4737,0.577810565
4738,0.808512616
4739,1.15247713
4740,0.686606125
4741,1.669419502
4742,1.585632369
4743,0.877946303
4744,0.560882538
4745,0.663747584
4746,0.599469798
4747,1.07224859
4748,0.467740619
4749,0.76567946
4750,0.689780918
4751,1.466183137
4752,0.891107935
4753,0.531239056
4754,1.245120237
4755,0.699765119
4756,0.684746885
4757,0.833232997
4758,0.553147279
4759,1.626093688
4760,1.516149288
4761,0.39412212
4762,0.839607128
4763,1.109519144
4764,0.78094987
4765,0.485622782
4766,0.721935549
4767,1.495199613
4768,1.425304373
4769,0.77449862
4770,0.801755838
4771,0.50593043
4772,1.11498716
4773,0.184651521
4774,0.735311474
4775,1.004145547
4776,0.51436146
4777,0.939078931
4778,0.96699179
4779,0.488644258
4780,0.982800063
4781,1.540672319
4782,0.587950229
4783,0.763511341
4784,1.247825072
4785,1.334886716
4786,0.444078661
4787,0.380694621
4788,1.00439006
4789,1.352283303
4790,1.698242369
4791,1.740391201
4792,0.843451859
4793,2.482150054
4794,1.479941372
4795,0.93242018
4796,0.952439461
4797,0.469341844
4798,0.391077583
4799,1.420590678
4800,1.290301861
4801,1.098693876
4802,1.078335114
4803,0.414641235
4804,1.238450662
4805,0.602560396
4806,0.914532696
4807,0.949803283
4808,0.202776268
4809,0.857268392
4810,1.384433992
4811,1.393381053
4812,0.864046377
4813,0.60524685
4814,1.447169641
4815,0.712407448
4816,1.921963241
4817,0.475871267
4818,0.734136476
4819,0.79406086
4820,1.183766826
4821,0.671339838
4822,0.711772216
4823,1.349742406
4824,1.847313284
4825,1.184411859
4826,0.777953058
4827,0.987477677
4828,0.86341547
4829,0.553219845
4830,1.555323011
4831,1.278276527
4832,0.891548378
4833,1.420217006
4834,0.6244333
4835,0.556211401
4836,1.732239991
4837,0.507495712
4838,0.874399966
4839,0.670391547
4840,0.811545607
4841,0.701547167
4842,0.814471083
4843,0.842109644
4844,1.109035089
4845,0.412843468
4846,0.923735756
4847,1.513413928
4848,1.869937268
4849,0.788501814
4850,1.007262852
4851,0.678031663
4852,1.506592404
4853,0.847183173
4854,0.894651175
4855,0.634830137
4856,2.341852594
4857,0.990785524
4858,0.323924804
4859,0.50679001
4860,0.334441079
4861,0.654575161
4862,0.411832737
4863,0.575873319
4864,0.766624484
4865,0.272779058
4866,1.274722515
4867,1.498748514
4868,0.959329789
4869,1.005980791
4870,1.082858183
4871,1.13018985
4872,1.176060859
4873,1.131752894
4874,1.372322048
4875,1.298587666
4876,1.000751556
4877,1.158747196
4878,0.290311496
4879,0.994183829
4880,1.996676786
4881,1.663104845
4882,0.962197146
4883,0.550275593
4884,0.340256052
4885,1.214675927
4886,1.209339485
4887,0.363983726
4888,1.280021073
4889,0.445388617
4890,0.709964875
4891,0.922433484
4892,0.61455755
4893,0.436680074
4894,1.690762079
4895,1.025789796
4896,0.835460645
4897,1.195073299
4898,0.954148907
4899,0.52137367
4900,1.432713306
4901,1.21240552
4902,0.945818386
4903,0.254878232
4904,1.493091637
4905,0.910839243
4906,1.623990117
4907,1.212045213
4908,1.136644341
4909,0.988090772
4910,0.538832321
4911,1.222310308
4912,0.512041376
4913,0.773646737
4914,1.639375
4915,0.937750498
4916,1.168645855
4917,0.853487822
4918,1.123922251
4919,0.867636407
4920,0.44083584
4921,1.683042343
4922,0.944461849
4923,0.915194627
4924,0.931365398
4925,0.57141887
4926,0.880269872
4927,0.264019116
4928,1.240701478
4929,1.787939015
4930,0.962056526
4931,1.382224285
4932,0.793424267
4933,0.879781112
4934,1.165075825
4935,1.247723055
4936,1.34615929
4937,0.554139952
4938,1.653576346
4939,0.034487628
4940,0.997661472
4941,1.049044014
4942,0.629876844
4943,1.075221318
4944,0.904787048
4945,0.883118326
4946,1.598804767
4947,0.261324732
4948,1.174416357
4949,1.239297413
4950,0.402173993
4951,0.619963398
4952,1.216635303
4953,0.715817565
4954,0.838660182
4955,1.154520748
4956,1.324994727
4957,0.881569777
4958,1.224665872
4959,1.812611911
4960,1.344398248
4961,0.630224331
4962,1.329643201
4963,1.772305351
4964,1.418580465
4965,0.923373769
4966,0.530698818
4967,0.757005425
4968,0.842800828
4969,0.564860591
4970,0.18883015
4971,1.860058459
4972,1.493660658
4973,1.269194239
4974,0.829626681
4975,0.412819782
4976,0.516138117
4977,0.35712214
4978,0.544315611
4979,1.319080911
4980,0.918761839
4981,1.119496154
4982,0.432921365
4983,1.489027914
4984,1.347760571
4985,0.718112234
4986,0.328999698
4987,1.16520881
4988,0.810306567
4989,1.261309093
4990,1.125201243
4991,1.658577588
4992,0.580689539
4993,0.671506563
4994,0.545143952
4995,0.499947317
4996,0.841164915
4997,1.720944245
4998,0.887435282
4999,1.947558184
5000,0.716497883
5001,0.551136542
5002,1.228240101
5003,0.941504881
5004,1.617216408
5005,1.144430005
5006,0.663294678
5007,2.276759679
5008,0.800325076
5009,0.292441869
5010,0.993586039
5011,1.305593525
5012,0.785710954
5013,2.320311594
5014,0.930810164
5015,0.514287585
5016,1.051096193
5017,0.112394351
5018,1.735210065
5019,0.910125453
5020,0.396015152
5021,0.5183477
5022,1.490425844
5023,0.989365904
5024,1.329806254
5025,1.487218509
5026,1.050363519
5027,0.889882233
5028,1.120970149
5029,0.240212874
5030,1.794481798
5031,0.540246205
5032,1.333103263
5033,1.640827351
5034,0.83150986
5035,1.062519669
5036,1.095308349
5037,1.260186848
5038,0.597673219
5039,1.124518485
5040,0.54462753
5041,0.239070775
5042,0.840823723
5043,1.349630697
5044,1.004348849
5045,1.47662237
5046,0.546994785
5047,0.977110273
5048,1.022504484
5049,1.1685687
5050,0.602181729
5051,1.112626989
5052,1.561743848
5053,0.584221903
5054,0.45741756
5055,0.430221399
5056,0.837546659
5057,0.897627746
5058,0.524835441
5059,0.929261833
5060,0.625651022
5061,0.755246418
5062,0.911742326
5063,0.770261634
5064,0.51775147
5065,1.004703017
5066,0.734096524
5067,0.79024239
5068,0.402956574
5069,0.18192347
5070,0.512008976
5071,1.039815802
5072,0.647761505
5073,0.758652917
5074,0.95901389
5075,0.586504553
5076,1.29998154
5077,1.263566068
5078,0.886135573
5079,1.248312123
5080,1.298087895
5081,0.806904135
5082,0.83052819
5083,1.403457106
5084,0.39502885
5085,0.876997366
5086,0.924117267
5087,1.461127998
5088,0.423698684
5089,1.128066112
5090,0.50665478
5091,1.222710277
5092,1.539687012
5093,2.069393931
5094,1.304875517
5095,0.813328121
5096,0.555386164
5097,1.026624844
5098,1.095527018
5099,0.453659153
5100,0.929553737
5101,0.85504225
5102,1.457128149
5103,1.259013746
5104,1.435471866
5105,0.84993237
5106,1.424230009
5107,0.673232943
5108,1.375134523
5109,0.373096677
5110,0.54667397
5111,1.360541937
5112,1.412762983
5113,0.825429467
5114,0.463159074
5115,1.187233923
5116,1.032334073
5117,0.452903539
5118,0.404786686
5119,1.023111833
5120,0.741785935
5121,0.533622581
5122,0.965802453
5123,1.536109046
5124,0.78856603
5125,0.374554784
5126,0.872153485
5127,1.373693493
5128,0.470149616
5129,0.484298517
5130,0.308775931
5131,1.735509669
5132,0.683442564
5133,2.413309206
5134,0.858475255
5135,1.059618582
5136,0.157215006
5137,1.017439073
5138,0.930716773
5139,1.187119531
5140,0.581611338
5141,1.191333818
5142,1.349979792
5143,0.617065628
5144,0.94243728
5145,0.793083025
5146,1.07208769
5147,0.296583938
5148,0.69884129
5149,0.854104372
5150,0.933935986
5151,0.973639734
5152,0.456437075
5153,1.785617452
5154,0.84871884
5155,1.099737415
5156,0.774872104
5157,0.935496171
5158,2.253260687
5159,1.051872377
5160,0.983050772
5161,0.618260204
5162,1.008503391
5163,1.135073865
5164,1.093741423
5165,0.175051658
5166,1.140699688
5167,1.250664035
5168,0.444340839
5169,1.037026284
5170,0.485141693
5171,1.149103224
5172,1.63745387
5173,1.349737638
5174,0.764022613
5175,0.739693472
5176,1.015279668
5177,0.653538142
5178,0.297953722
5179,1.392212604
5180,0.65165008
5181,0.534387829
5182,1.081719983
5183,1.562328307
5184,1.215591125
5185,0.321725763
5186,1.870425486
5187,1.177037738
5188,0.53085249
5189,1.11810376
5190,0.621627604
5191,0.660718849
5192,2.136842352
5193,0.527848929
5194,0.754102848
5195,1.442603991
5196,1.350297486
5197,0.957998735
5198,1.118148115
5199,0.675879633
5200,0.458638147
5201,0.943276995
5202,0.765789377
5203,0.630850388
5204,0.386511489
5205,0.946159714
5206,0.376596165
5207,1.564051127
5208,1.567620226
5209,0.586109696
5210,1.472490058
5211,2.16141007
5212,1.747125834
5213,0.763617053
5214,0.240747992
5215,0.752844977
5216,0.693583023
5217,0.983936858
5218,0.40891347
5219,2.381601502
5220,1.175019415
5221,1.199078673
5222,1.198953916
5223,0.213761591
5224,0.32785895
5225,1.34539161
5226,1.095901929
5227,1.046401032
5228,1.21889934
5229,0.849595078
5230,0.82704255
5231,1.476972771
5232,1.697053946
5233,1.064236444
5234,0.913392972
5235,0.945693197
5236,0.771065339
5237,0.463475337
5238,0.541558556
5239,1.880787606
5240,1.121957836
5241,0.647129422
5242,1.136025986
5243,1.23889524
5244,0.464251187
5245,0.941577536
5246,0.875694942
5247,1.353114942
5248,0.486585116
5249,2.488326132
5250,0.731779809
5251,1.139397846
5252,1.078612929
5253,1.24301645
5254,1.056359419
5255,1.278470897
5256,0.797079144
5257,0.902517865
5258,0.966969877
5259,1.000833205
5260,0.697540268
5261,1.369768601
5262,0.920558873
5263,0.741881242
5264,0.794575078
5265,0.649037995
5266,0.336174842
5267,2.165799476
5268,0.312721948
5269,1.402552641
5270,0.994675206
5271,1.014356238
5272,0.781330154
5273,0.869901539
5274,0.452448125
5275,1.676801889
5276,0.068475544
5277,0.267498572
5278,2.021127819
5279,0.919430162
5280,0.901672068
5281,1.819197724
5282,0.995836054
5283,0.855968145
5284,0.558894178
5285,1.122939332
5286,0.752083535
5287,0.638108731
5288,1.066692673
5289,0.484397189
5290,1.520953627
5291,1.094136046
5292,1.014787281
5293,0.94207697
5294,1.461717304
5295,0.979887764
5296,0.875330045
5297,0.864490629
5298,1.767536551
5299,0.774383269
5300,0.736934753
5301,0.686776608
5302,2.413901144
5303,1.278758093
5304,0.513438514
5305,1.409609714
5306,0.853146441
5307,2.026540578
5308,0.439384701
5309,1.255863458
5310,0.65090217
5311,1.277613942
5312,1.310746773
5313,0.732453315
5314,0.589400121
5315,1.08524663
5316,0.986417909
5317,1.514407097
5318,0.671809035
5319,0.242587801
5320,1.640208052
5321,1.804538719
5322,0.524998256
5323,0.547408573
5324,0.220736469
5325,0.630031066
5326,1.446480779
5327,0.673074204
5328,1.062201815
5329,1.170852046
5330,1.940107285
5331,0.775108718
5332,0.151338882
5333,0.968591822
5334,0.085348614
5335,0.450164849
5336,1.234377468
5337,1.082985928
5338,0.538257207
5339,0.234411678
5340,0.354268273
5341,1.146852952
5342,1.286953653
5343,0.548190744
5344,0.722577901
5345,0.671064628
5346,0.972274882
5347,0.855776895
5348,0.14195998
5349,1.52446647
5350,0.590429689
5351,0.934387871
5352,1.232319989
5353,0.569259813
5354,0.527186382
5355,0.674281346
5356,0.385254186
5357,0.801462418
5358,0.913669601
5359,1.204544212
5360,0.109080155
5361,1.456398712
5362,0.991376247
5363,0.668644898
5364,0.707250787
5365,1.096761184
5366,0.956217573
5367,0.704090833
5368,0.642364531
5369,0.315506302
5370,1.026762659
5371,1.915116234
5372,0.921130666
5373,1.610450554
5374,0.924875983
5375,0.943636729
5376,1.307587123
5377,0.925556479
5378,0.684851658
5379,0.696303339
5380,1.619276074
5381,0.841694167
5382,1.369335888
5383,0.802540046
5384,1.277507431
5385,0.980986283
5386,1.458898591
5387,1.001350822
5388,1.524443309
5389,1.328036059
5390,1.247236354
5391,0.755592021
5392,1.092435894
5393,0.755456473
5394,0.917175075
5395,1.25906585
5396,0.247581801
5397,0.692558044
5398,0.718905391
5399,0.325715431
5400,1.720901559
5401,0.955931188
5402,1.178565716
5403,0.73580839
5404,1.076828292
5405,1.362871142
5406,0.750251292
5407,0.517477738
5408,0.938840161
5409,0.627229691
5410,1.744638516
5411,0.444524954
5412,1.093551564
5413,1.663855236
5414,2.024787432
5415,0.9514073
5416,0.517309871
5417,0.75775758
5418,1.207874472
5419,0.868404472
5420,1.276688722
5421,0.481442737
5422,0.402982035
5423,1.080270257
5424,0.506362005
5425,1.156029982
5426,1.085383143
5427,1.045150203
5428,0.928004344
5429,1.057955956
5430,0.584566019
5431,0.60624372
5432,0.959642151
5433,0.521369686
5434,1.252989495
5435,1.604542277
5436,0.636748976
5437,2.223624194
5438,2.092306309
5439,1.61228487
5440,1.572568281
5441,0.619796058
5442,0.436151168
5443,1.214495957
5444,1.271137993
5445,1.587400003
5446,0.652411514
5447,0.397962057
5448,0.666860415
5449,0.837261924
5450,0.220710109
5451,0.561165568
5452,1.054911677
5453,1.022083251
5454,0.939937482
5455,0.86741357
5456,0.953521318
5457,0.943646248
5458,1.299533428
5459,1.118872453
5460,0.656912512
5461,0.413601792
5462,0.559156002
5463,0.927814271
5464,0.910180171
5465,0.488480502
5466,1.44300813
5467,0.535806037
5468,0.860774085
5469,1.934157692
5470,0.195786066
5471,0.436133491
5472,1.065776132
5473,1.345275419
5474,0.914478647
5475,1.832515689
5476,1.019026089
5477,1.409066561
5478,0.314779638
5479,1.826264601
5480,1.874562603
5481,0.557273382
5482,0.521942965
5483,0.871090809
5484,0.260974029
