"","quantile"
"1",1.16836852344576
"2",1.54904403137526
"3",1.13076419513889
"4",0.818354288978634
"5",1.15038890752955
"6",0.934114644083229
"7",1.03825477430996
"8",1.08561664138563
"9",0.850786232013871
"10",1.10020452323038
"11",0.924663092862949
"12",1.12509948860565
"13",1.24041287535438
"14",0.961658355694841
"15",0.829973271423054
"16",0.879246384584316
"17",0.713162924500011
"18",1.03929810624327
"19",0.865453730621606
"20",0.858506793474207
"21",0.814781637572828
"22",1.02446749021457
"23",0.949736334655113
"24",0.811505500880829
"25",0.726893260393956
"26",0.84371819527589
"27",0.832753296936303
"28",0.685301433697645
"29",0.764039623042249
"30",1.34949830195031
"31",0.829685291689447
"32",1.36176123203569
"33",1.11531309112439
"34",0.970234321343948
"35",0.864748215533298
"36",0.916979865367753
"37",0.885660903983147
"38",0.791298463917677
"39",1.09687812223901
"40",0.747523509027278
"41",1.017003022928
"42",0.844457239850519
"43",1.02559081970478
"44",1.47634238793767
"45",0.954358046784883
"46",0.908075999571575
"47",0.807910733331158
"48",0.901435747424395
"49",1.19583646717751
"50",1.05832234499064
"51",0.925109096616513
"52",1.02046665973667
"53",0.732025232537925
"54",0.78384554461564
"55",0.90697299811709
"56",0.862640043291906
"57",0.900439777821706
"58",1.29396027105037
"59",0.988085439250523
"60",0.893259179633908
"61",1.14236426058704
"62",1.27960293266974
"63",1.31967923897611
"64",0.73217345043167
"65",0.877429737993434
"66",1.11415646408662
"67",1.03249410809592
"68",0.850529611225536
"69",0.994147128915518
"70",0.791147697078602
"71",1.38113556951309
"72",0.743170004173798
"73",0.781468662719929
"74",0.976028813849691
"75",1.04576465953777
"76",0.802695584464948
"77",0.886894514452922
"78",1.04314965841609
"79",0.925534541699413
"80",0.958319151652869
"81",0.764775408044438
"82",0.79579943298979
"83",0.819048387027051
"84",1.07139179136797
"85",1.17921657252959
"86",1.04307643071701
"87",0.739400755069746
"88",0.825163246145765
"89",1.16646788040127
"90",1.38415555998941
"91",1.40562623155358
"92",0.928434770753652
"93",1.21886725247375
"94",0.781727461073789
"95",0.962588811954322
"96",1.15430843240326
"97",1.16738387936979
"98",1.49480857838217
"99",0.896037597747107
"100",0.835939334069625
"101",1.03541565293492
"102",1.24590700254454
"103",1.52178479078473
"104",0.786557101794089
"105",0.86184752123918
"106",1.23285381131362
"107",0.987034925712501
"108",1.32990960869657
"109",1.12601346466903
"110",0.86047513943534
"111",1.04067696341607
"112",1.25340764898818
"113",0.739993105039425
"114",1.00651030326131
"115",1.17560370503818
"116",0.89428242397304
"117",1.00661314329727
"118",0.960346214444741
"119",0.678773891532745
"120",0.948293814716034
"121",1.24782953492874
"122",0.931970850125779
"123",0.73208108887207
"124",0.857779142694705
"125",1.02605345957572
"126",1.17534042629739
"127",1.00284837352395
"128",0.721612329969749
"129",1.04662053188192
"130",1.08807993295197
"131",0.956011459712009
"132",1.09906267814155
"133",0.951921888676166
"134",1.01793040359072
"135",1.10057284920509
"136",0.841790319606252
"137",1.17475771670018
"138",0.90592844684939
"139",0.872273490968179
"140",0.946773854752787
"141",1.00124364444772
"142",1.07103020038852
"143",1.33876416675483
"144",0.851887369624915
"145",0.928338926961768
"146",1.46079742772757
"147",0.767032573802687
"148",0.871241663300186
"149",0.949503797660609
"150",0.893544042159814
"151",0.808734911803024
"152",0.667685782875658
"153",0.995517334688927
"154",0.843562325026226
"155",0.774688142796909
"156",1.21150835620244
"157",0.941887474824809
"158",0.883815646372922
"159",1.06881469562576
"160",1.16063293936927
"161",1.49119792606635
"162",0.933980014011509
"163",0.9945849588283
"164",1.04095428429861
"165",1.01289035063885
"166",0.74735387143052
"167",0.868736866955813
"168",0.797448497118174
"169",0.895365731366993
"170",0.922438078852084
"171",1.14716325233558
"172",1.49678230584314
"173",1.14973704014845
"174",0.973826951679471
"175",0.855390532324318
"176",1.16818984576087
"177",0.965735067744303
"178",1.02911612903381
"179",1.16058399144643
"180",0.918443504110874
"181",1.23639726886687
"182",0.94113486403505
"183",1.01453530032685
"184",0.834164591020409
"185",1.06708301963553
"186",1.06340586691795
"187",0.94334912203003
"188",1.40869807607013
"189",0.986306385564807
"190",1.05516786167309
"191",0.912109460279921
"192",0.914922370472149
"193",0.879345148664043
"194",1.07030458324494
"195",1.21237423109244
"196",1.01977098030453
"197",0.847193290822614
"198",0.935327259283502
"199",0.823594426524924
"200",1.10761966775574
"201",0.989820521500109
"202",0.883562708221329
"203",0.908307189840556
"204",1.09771869019586
"205",0.840458210161144
"206",0.771403623334768
"207",1.14411502651475
"208",0.989079921705681
"209",0.940061993955095
"210",1.10722627270452
"211",0.853475393587587
"212",1.33871268343939
"213",1.23267105087641
"214",1.21909289572484
"215",0.690958182909976
"216",1.04566188031892
"217",1.10117885845772
"218",1.00005969712219
"219",0.985031302938073
"220",1.23229814286539
"221",0.950567144267342
"222",1.22824039197812
"223",0.870694078192406
"224",1.12056110060408
"225",1.32440644930164
"226",1.04234322872479
"227",1.18630146248279
"228",1.09566645401973
"229",0.913674356037773
"230",0.847779446612957
"231",1.47209728450341
"232",1.02320872158006
"233",0.848491708684593
"234",0.792840990577781
"235",0.80659269630654
"236",1.39729621466799
"237",0.765830307725173
"238",0.774417775358617
"239",1.08787839494235
"240",0.874144027005886
"241",0.952495363170249
"242",1.42976289059898
"243",0.970780612447829
"244",0.912607582766997
"245",1.02200640964305
"246",0.810345189705338
"247",0.902744538581586
"248",1.11576066890857
"249",0.877931807574498
"250",1.12004742142125
"251",0.861597590822326
"252",0.947765536272546
"253",1.19725224961095
"254",0.935965081259925
"255",1.28573248108782
"256",1.34064750606244
"257",0.824676669964733
"258",1.20275309135739
"259",1.09435803141433
"260",1.17076477713478
"261",0.878878266164776
"262",0.901108832382245
"263",1.47028794574329
"264",0.849128382313897
"265",0.807034561489166
"266",0.944317063852016
"267",0.8615222500751
"268",1.23316186010718
"269",0.891630917578192
"270",1.05042647231305
"271",1.11480701123215
"272",1.09086422734325
"273",0.984970740501904
"274",0.847011199265573
"275",1.06343350355178
"276",0.723956632617301
"277",0.818227561757066
"278",0.784783859512581
"279",0.707993878223091
"280",1.21329611319526
"281",1.03451368177993
"282",0.878641082115604
"283",0.979082299830983
"284",0.812802238738273
"285",1.09069935789243
"286",0.854790157578268
"287",0.847617358331181
"288",1.35198359307969
"289",1.11711240522399
"290",1.13819473242861
"291",0.899268974962463
"292",0.951046107200766
"293",0.975001625779894
"294",0.786754639857369
"295",1.06389857115676
"296",0.817547624035793
"297",1.35142074730337
"298",1.00579393886113
"299",0.811278375879366
"300",1.15711403539693
"301",1.12030027088202
"302",1.15349256015953
"303",1.05846128195179
"304",1.07528753341045
"305",0.803240538074852
"306",1.10623881316578
"307",0.962003913895693
"308",1.01550806530658
"309",0.871078758106007
"310",1.07423231358745
"311",1.18517178476156
"312",0.828434115873543
"313",0.81169580208001
"314",1.2509896609897
"315",0.973084682184788
"316",0.991428597272516
"317",0.668113283408975
"318",0.810112424987773
"319",0.899983314783328
"320",1.07400998784974
"321",1.00967369085485
"322",0.86487648264359
"323",1.06485199180923
"324",1.25454114937908
"325",0.8674790229234
"326",1.05972264670615
"327",0.828706261095527
"328",1.49209299270884
"329",1.1056319887178
"330",1.00352681597407
"331",1.07593135297592
"332",0.828096247287587
"333",0.958131814542089
"334",1.09645825197585
"335",1.13046456062911
"336",1.11220947268797
"337",1.05530735410451
"338",1.05167680674955
"339",0.831762899386189
"340",0.88249149390329
"341",0.87947064528318
"342",1.15187709370061
"343",1.08133634861623
"344",1.42112021263598
"345",1.02658784928272
"346",1.24307784046092
"347",0.994291544552844
"348",0.941023176483098
"349",1.14874806819626
"350",0.862187551591355
"351",0.755182189522075
"352",1.31017830606283
"353",1.20544526657679
"354",0.941345987825958
"355",1.50887127186816
"356",0.918267230789258
"357",0.953319404074968
"358",0.936467286904622
"359",1.05115091906075
"360",0.880101703151515
"361",1.22305553407196
"362",0.899950566650519
"363",1.51950835720792
"364",1.16866236866634
"365",0.781139908239642
"366",0.898822086975345
"367",1.06436087018383
"368",1.10623151913144
"369",0.826938774676727
"370",1.21401402673474
"371",0.738643800327343
"372",1.43966742535841
"373",0.881848151075156
"374",0.983663688015456
"375",1.0756634636214
"376",0.96560169076097
"377",0.821124355550205
"378",1.01495073716331
"379",1.00218790084407
"380",0.865714708015155
"381",0.834114245194006
"382",0.849826456810996
"383",0.973708153445125
"384",0.728640332577882
"385",0.980065195754727
"386",0.793122592782041
"387",1.02469884461651
"388",1.0688683269862
"389",1.00237539796115
"390",0.824628090490376
"391",0.793613788419286
"392",0.724970614346359
"393",0.989101773288235
"394",1.02893206712954
"395",0.907452274751272
"396",0.712083890063349
"397",0.976873143741803
"398",1.04649578407959
"399",1.17960445617158
"400",1.04807691985381
"401",1.25823542341826
"402",0.843255965503587
"403",0.760877623584457
"404",0.977643591889739
"405",0.886596797475059
"406",0.882401312822666
"407",0.80082023369929
"408",1.2121568838819
"409",0.786999141001205
"410",1.05710427070149
"411",0.989364259167552
"412",0.92828923167128
"413",0.925299564531781
"414",1.48540459452384
"415",1.49485924788643
"416",0.742192124367674
"417",0.91740040489843
"418",1.09584025807318
"419",1.01744290158523
"420",1.12119009823089
"421",0.963506658661106
"422",1.33412945999535
"423",0.772067381722275
"424",1.31534214437559
"425",0.949568494328709
"426",0.893225804689703
"427",0.83479883140235
"428",0.894197600946487
"429",1.20963463087433
"430",0.838476803363711
"431",1.45385966721014
"432",0.952075846386634
"433",0.801744979872226
"434",0.72142665065245
"435",0.737107987579792
"436",0.95756147736921
"437",0.939520176701201
"438",0.973892866092709
"439",0.743231102162793
"440",0.910130410763697
"441",0.825829007663353
"442",1.30496825175825
"443",0.839864942454224
"444",0.880801798378048
"445",0.844250104504337
"446",1.08814425155585
"447",0.726175039826034
"448",0.754027919860444
"449",1.0240750113842
"450",1.24239824257201
"451",0.883012225247165
"452",0.973687200198029
"453",0.996166803627665
"454",1.16685094653501
"455",0.885994972758898
"456",1.18010209666061
"457",1.15293223949641
"458",1.20872804263026
"459",0.870310505298866
"460",1.17439754223519
"461",0.802204142185451
"462",1.34201259316675
"463",1.25591195631281
"464",0.80001625967805
"465",0.898948919784023
"466",0.880934433975312
"467",0.817820034782032
"468",1.22526198196155
"469",0.934526713566232
"470",0.769584704892435
"471",1.00113295998331
"472",1.20588332432894
"473",0.681158511114624
"474",1.39807903791502
"475",1.04041176189653
"476",1.00252774548726
"477",1.01618848196473
"478",0.833656574231715
"479",1.03787168797774
"480",1.00668639258161
"481",1.18311086388802
"482",1.13334321280567
"483",1.02386845034078
"484",1.31623267149358
"485",1.2773472472707
"486",1.03390803331155
"487",1.03869313878536
"488",0.918899027519956
"489",0.935607355414625
"490",0.935519014961952
"491",0.985323365194328
"492",0.902843700338594
"493",1.25755775882906
"494",1.38277583439147
"495",0.908359916056241
"496",1.00741421503773
"497",0.915788447392502
"498",0.918429046569026
"499",0.947812012761456
"500",0.84117653565291
"501",1.10872698237913
"502",0.800756414606563
"503",0.866929654847237
"504",1.21935362896532
"505",0.999701851881824
"506",0.890073559018896
"507",1.11085626685819
"508",1.19266413059136
"509",0.944636298824534
"510",0.956849942889611
"511",1.3542465971848
"512",1.07611321831004
"513",1.00938539927765
"514",0.783353830808269
"515",0.771382211818762
"516",0.846463748185308
"517",0.77243072017378
"518",1.01989048945326
"519",0.891919601258127
"520",0.741029807762264
"521",1.41114833976785
"522",0.756481698767408
"523",1.23935855876975
"524",0.965910475596084
"525",0.965628727586237
"526",0.794008531392059
"527",1.10394367153168
"528",0.977641171252229
"529",0.899016799696767
"530",1.04840200076722
"531",1.17724361014124
"532",0.852165117526603
"533",0.96477217654682
"534",1.08569391461299
"535",0.98790541190134
"536",0.985671121145755
"537",1.30888872249457
"538",0.932397034711327
"539",1.00016567807423
"540",0.969524742634952
"541",0.93894730604166
"542",0.777384893271868
"543",0.963867498353519
"544",0.994833859855967
"545",0.782999489984536
"546",0.88782277583248
"547",0.917001431043297
"548",0.805966058068996
"549",0.755462475111585
"550",1.08857891024659
"551",0.8670669979437
"552",0.833494111133822
"553",0.902713763468984
"554",0.856035971013325
"555",0.989385503187053
"556",1.03639304638794
"557",0.8305502643599
"558",0.714422822766796
"559",0.690065306613994
"560",0.940411802277807
"561",0.931942896912577
"562",0.816196675722089
"563",0.948105692179753
"564",0.864420591161831
"565",1.04175831195641
"566",0.668566158511987
"567",0.811639386713722
"568",1.16411991816608
"569",1.2614785006146
"570",1.03428503719629
"571",0.956285414565436
"572",0.997113497944428
"573",1.06994441906994
"574",1.03975884035418
"575",1.0936962061173
"576",1.53404454513741
"577",0.823997963553807
"578",0.912090280056748
"579",0.893960749136308
"580",1.03596565905322
"581",0.973779237199251
"582",1.38477558204951
"583",0.807613858267336
"584",1.22801355499577
"585",0.912518092057311
"586",1.13978325967675
"587",0.930670710050036
"588",1.03934975700649
"589",0.909101391031761
"590",0.99654112062329
"591",1.43523740434316
"592",0.814648787396957
"593",1.06630377544006
"594",0.825626938189638
"595",0.856238191528177
"596",0.868835150052952
"597",1.16075308467973
"598",1.02584278706133
"599",0.871115821572254
"600",0.934024412125621
"601",0.931726674591283
"602",1.25610078422514
"603",0.817368576188795
"604",1.13177227358728
"605",0.926943289488349
"606",1.23627940142311
"607",0.913400013015483
"608",1.180075844064
"609",0.924994637988647
"610",0.985499756566674
"611",1.04224380991468
"612",0.987121143525198
"613",1.0450326675635
"614",0.948671870894804
"615",0.897876478279078
"616",1.33315176730687
"617",0.909495003351646
"618",0.823201827280911
"619",0.965275207797185
"620",1.02633534652318
"621",1.28569127686514
"622",0.887288679661057
"623",1.27874395420246
"624",1.02235025717674
"625",1.02311299643662
"626",0.9956267287034
"627",0.849270275268547
"628",1.01235911488152
"629",0.956462172468769
"630",0.819752958395038
"631",0.791110723316678
"632",0.703923829373323
"633",1.11790095848531
"634",0.912060013011821
"635",0.887701633814149
"636",1.21537010443036
"637",1.05938732393609
"638",0.878631849189629
"639",1.01219574365032
"640",0.814072433070787
"641",0.884909093497186
"642",0.743268433340765
"643",0.993733940756583
"644",0.885431266936997
"645",0.880737018403426
"646",1.16539377290183
"647",0.853532271469808
"648",1.05296484761248
"649",1.12181239564464
"650",1.28044927652677
"651",1.04794702452362
"652",0.79843946513644
"653",0.928218999421741
"654",0.854076383119768
"655",0.737687462028844
"656",0.981951406776377
"657",0.965202044740474
"658",1.4266009941963
"659",1.31917678759647
"660",0.94064279581867
"661",0.926660335670374
"662",0.978313844727072
"663",1.08184256566338
"664",0.858729107950712
"665",1.05548443519704
"666",0.862901282852707
"667",1.0305373312013
"668",0.885039191413601
"669",0.795090326760261
"670",1.10864556392533
"671",0.816977031491183
"672",0.689214300836803
"673",1.03915434546254
"674",0.853567937889725
"675",1.20457975304407
"676",0.908686885380797
"677",0.882534516891471
"678",1.00999409716422
"679",0.864898781248888
"680",1.09842021456592
"681",0.710345572400218
"682",1.11840257001721
"683",0.877188643160751
"684",0.784994730394334
"685",0.780302236924229
"686",0.84018306444915
"687",0.917226600907141
"688",1.01985916029606
"689",1.0366545760392
"690",0.849665890711069
"691",0.914848118042747
"692",0.880047794357792
"693",1.11997862278645
"694",1.15069346093687
"695",1.35086776988444
"696",0.919747268389194
"697",1.06651755277735
"698",0.93284257085028
"699",0.913728468642004
"700",0.963123991664627
"701",0.862992099601874
"702",0.800320122678527
"703",0.709824001917406
"704",0.953074386107903
"705",1.22413211997096
"706",0.919808256831586
"707",0.781616570440606
"708",0.927796514683113
"709",0.93860656650193
"710",0.919605722917897
"711",1.20206596750741
"712",1.05685769880473
"713",1.00795791130358
"714",1.09304206036753
"715",0.936508084386784
"716",1.10505712780409
"717",0.873430557900102
"718",0.960889309512538
"719",0.852585729356423
"720",1.34167690273389
"721",1.1180564038122
"722",1.04788882028233
"723",1.06845496997872
"724",1.10913957611722
"725",0.725438881847368
"726",1.04837037456697
"727",0.801316633787005
"728",1.29467580803384
"729",1.14977800739692
"730",1.02751646551049
"731",1.28004849877968
"732",0.903443209852176
"733",0.855180842447741
"734",0.939997213787238
"735",0.896910101990609
"736",0.829911363504273
"737",0.977928187997521
"738",1.41146004352417
"739",1.05313508754705
"740",1.09358740365178
"741",1.00375627970683
"742",1.17651213366319
"743",0.850617106205489
"744",0.833734220597144
"745",0.745565371126714
"746",0.810187104111289
"747",0.819518541687949
"748",0.945395848517921
"749",0.870543513588085
"750",1.00285727729591
"751",1.02556930093962
"752",1.12014652335247
"753",0.848517194988025
"754",1.328530342456
"755",0.956948918951439
"756",0.838911220993787
"757",0.943836176925192
"758",1.03810628733371
"759",0.801761235232025
"760",0.762435276278406
"761",1.28581034332343
"762",0.913296964518368
"763",1.23563205092205
"764",0.695474654968958
"765",0.865432330898102
"766",0.949610062765641
"767",1.38223182566267
"768",0.852569573968034
"769",1.00261334510909
"770",0.960788490957608
"771",0.937514599756655
"772",1.45995273605636
"773",1.15210549099275
"774",1.3331678046626
"775",1.04019048905889
"776",1.304538306972
"777",1.29770587334883
"778",0.978409354464224
"779",1.36017507481003
"780",0.80282233007846
"781",0.973874537368391
"782",1.10590660454163
"783",1.02397470960526
"784",0.97814511398105
"785",0.830674441957315
"786",1.38150127073195
"787",1.05288418105603
"788",0.731788474381644
"789",1.11142822456953
"790",0.813682447708112
"791",0.790124437316421
"792",0.95033973009442
"793",0.774667982623299
"794",1.06744020671681
"795",1.00879366461156
"796",0.87523012612683
"797",1.25666791166146
"798",0.825161137433165
"799",0.992458794920503
"800",1.42819227809269
"801",1.00588588893867
"802",0.910547031353604
"803",0.859096319325646
"804",0.819903590297849
"805",0.960848361638961
"806",1.18245163637445
"807",0.951622642864365
"808",0.864099128501392
"809",1.13149016186917
"810",0.737230835711029
"811",0.94753548116313
"812",1.04530829105752
"813",0.831465017373863
"814",0.851569952842802
"815",0.84838552452049
"816",0.949310752883656
"817",0.822107198767349
"818",0.91831082853273
"819",0.88601898986639
"820",1.06804374071299
"821",0.959186842032931
"822",1.05565309671375
"823",1.47297120420397
"824",1.15115737462831
"825",1.12776684548395
"826",1.13290243202942
"827",1.18713054260041
"828",1.16011037985658
"829",0.906900540928686
"830",1.1576409764066
"831",0.81158326158511
"832",1.02677980495864
"833",0.941239127669147
"834",0.854710516907611
"835",0.986072763890348
"836",1.00028335122468
"837",0.963205334098586
"838",0.991306295901007
"839",0.812667708977661
"840",0.993331777155807
"841",0.696482850185352
"842",0.977523652735437
"843",0.833783750651152
"844",1.15673618467864
"845",1.07221956888292
"846",1.51417429567229
"847",0.673855719354726
"848",0.794763244769045
"849",0.920123349104763
"850",0.917342740421475
"851",0.859443140397768
"852",0.992679191068554
"853",0.901638141594274
"854",0.924568550639002
"855",0.938123939949369
"856",0.846234340656957
"857",1.43683453725399
"858",0.904498526510498
"859",1.35165798364705
"860",0.869386261557224
"861",0.926793848832509
"862",1.00272527447263
"863",0.892669760169546
"864",1.00319882257385
"865",0.818764970099848
"866",1.22957961001932
"867",1.06121161571764
"868",0.910954737599497
"869",0.801003364940941
"870",0.845371913572618
"871",1.38375671584397
"872",1.0374878087295
"873",0.95222387030711
"874",0.856109466932078
"875",0.887186970303839
"876",0.905960274958411
"877",0.925427882712262
"878",0.711745542680361
"879",1.51590786167855
"880",1.28399967197404
"881",0.995264520942327
"882",1.03612115778061
"883",0.957530724307293
"884",0.828092894305924
"885",1.00195426051466
"886",1.14031806470441
"887",1.35731431188377
"888",1.06381299269487
"889",1.13499499420156
"890",0.913942307462031
"891",1.08318962038126
"892",0.920513831215165
"893",1.0470710164439
"894",1.02117818968817
"895",0.878249437091485
"896",1.13706531798525
"897",1.05383822915572
"898",0.98375094403823
"899",0.782846272091257
"900",1.00410874107097
"901",1.1935624676544
"902",0.833965058889481
"903",0.795593750899035
"904",1.10310618618927
"905",1.19067920681991
"906",0.830819935320552
"907",1.25254071675508
"908",0.903545744929091
"909",0.945447092845233
"910",0.923699947928123
"911",1.07385602977063
"912",1.33017866186149
"913",0.99787842414224
"914",0.879160607594129
"915",1.27656033736612
"916",0.885626300939521
"917",0.786320480551931
"918",0.833985887730451
"919",1.04005969665132
"920",0.875513457536683
"921",0.969281445670318
"922",1.29290560459946
"923",0.706887211331007
"924",0.922693157349894
"925",0.936201644163297
"926",0.844164343231249
"927",0.946968385215827
"928",1.13834165279011
"929",1.44565191889656
"930",1.09263570596694
"931",0.850837383989704
"932",0.953593915840319
"933",0.838486076359607
"934",1.25039390631194
"935",1.11713097638693
"936",1.0984929874393
"937",1.11361115011041
"938",0.772941778941937
"939",0.905948528641524
"940",1.07081553182162
"941",1.163126346986
"942",0.769399884994662
"943",1.12332910788899
"944",1.09318729690645
"945",0.969282948456352
"946",0.819348801577042
"947",0.846683170139846
"948",1.26508847608303
"949",1.09213561086153
"950",0.977538480056607
"951",1.07007397414832
"952",0.938556607373146
"953",1.04383767712586
"954",1.28852294992564
"955",1.28655827528402
"956",1.00025760537506
"957",1.37271408924221
"958",1.24852894712483
"959",0.989238773865747
"960",1.34804586316017
"961",1.35995943444459
"962",0.819557979710535
"963",1.05197816924368
"964",1.21418232085186
"965",1.04659068207834
"966",1.17164732753692
"967",1.07658452938364
"968",0.777413910955141
"969",1.07094240943546
"970",0.930874218642606
"971",0.864469000972416
"972",1.07777688069371
"973",0.962696495218933
"974",0.891892812057701
"975",0.995410742202846
"976",0.902254965293478
"977",1.38986692317589
"978",1.04270983036087
"979",1.08381730081003
"980",0.986172894688808
"981",1.22945568195524
"982",0.908549465617922
"983",1.25167290530311
"984",0.780632191227751
"985",0.90697299811709
"986",0.904342436190572
"987",0.758797103970306
"988",1.15424654750587
"989",0.875121033691493
"990",0.916710319204241
"991",0.763307770238579
"992",1.06202494927102
"993",0.879985820130529
"994",1.01862741698864
"995",0.847801519961344
"996",0.957385084180456
"997",1.19751541132704
"998",0.79941114026228
"999",1.11200348898929
"1000",0.940497253170515
"1001",0.843559531969857
"1002",1.1226024819251
"1003",0.819221702851961
"1004",0.887845364190778
"1005",0.955744050307478
"1006",0.98203626954454
"1007",0.978875709869546
"1008",1.15776152675365
"1009",0.901117560693752
"1010",1.02253949258716
"1011",0.838527203005495
"1012",1.30721243825133
"1013",1.27148115618176
"1014",0.965668772126675
"1015",0.939119149229813
"1016",1.01855699145585
"1017",0.934341969912176
"1018",0.745209569118634
"1019",1.04302878208782
"1020",0.877496339830843
"1021",0.899217992620374
"1022",0.886459005879675
"1023",0.96419490668844
"1024",0.791153156054663
"1025",1.10690360277125
"1026",0.806622719966409
"1027",0.934821917908546
"1028",1.17075154270709
"1029",1.42701752473093
"1030",1.11225754167016
"1031",1.02434825517148
"1032",0.879602105383379
"1033",0.983726368830797
"1034",1.10000165904094
"1035",0.983762067066978
"1036",1.05780913488999
"1037",1.08728483590362
"1038",1.0527166486005
"1039",1.340834889945
"1040",0.955698357795883
"1041",1.15232147177936
"1042",0.906049185268069
"1043",0.829950019742539
"1044",1.09592071418155
"1045",1.20521793455127
"1046",0.983833671113815
"1047",1.09269299033387
"1048",1.05195462249005
"1049",0.90554899484128
"1050",0.979015788616433
"1051",0.883861347307997
"1052",0.767103635589754
"1053",0.908332464043375
"1054",0.887876539277172
"1055",1.21251325809561
"1056",0.843294564230121
"1057",0.99536921137183
"1058",0.897726258324755
"1059",1.14720909704281
"1060",1.27831802632761
"1061",0.90337406503914
"1062",1.09447467647325
"1063",0.929703853689297
"1064",1.23871954586464
"1065",0.953162479898602
"1066",1.01781212889212
"1067",1.29616459291276
"1068",0.815680031458622
"1069",0.999902294410996
"1070",0.891221178048481
"1071",0.869029271448706
"1072",1.17547227848001
"1073",0.842718558222613
"1074",0.877238399736358
"1075",0.966924347311135
"1076",0.765473312209016
"1077",1.09334125942081
"1078",1.20375048629722
"1079",1.18613798759569
"1080",0.923306251737245
"1081",0.963882026163457
"1082",1.36123450523118
"1083",1.06651755277735
"1084",1.03202766298415
"1085",0.963614662642641
"1086",0.838594255253859
"1087",1.27083366458339
"1088",1.39438312294756
"1089",1.11305567473654
"1090",1.16121688056161
"1091",1.12112815106669
"1092",1.13344053536929
"1093",1.12105503078793
"1094",1.03416439919207
"1095",0.935837941547644
"1096",1.04798549912006
"1097",1.20820493024421
"1098",1.43986078521833
"1099",1.13438806942862
"1100",1.22104462837012
"1101",1.01946674825554
"1102",1.149058821803
"1103",0.844742223167533
"1104",0.734936172159728
"1105",1.04674455918372
"1106",0.998910459321503
"1107",1.16487620804814
"1108",0.794920210914812
"1109",1.36899234047447
"1110",0.883952739443281
"1111",1.38279538603748
"1112",1.08154880835418
"1113",1.10708182009043
"1114",0.876546278410744
"1115",0.968973585517893
"1116",1.11327911633874
"1117",1.18900949627811
"1118",0.883038848771411
"1119",1.03620707905415
"1120",0.935182047491575
"1121",0.865252046107195
"1122",0.843152542692816
"1123",0.906954759805479
"1124",0.991131047058214
"1125",1.08725730932636
"1126",0.990687972544247
"1127",1.02341104437452
"1128",0.815755196302077
"1129",0.817226971060182
"1130",0.897091846751026
"1131",0.951430591605467
"1132",0.855611078594447
"1133",1.30008654806167
"1134",0.934945101908014
"1135",0.884344670402926
"1136",0.991945985547443
"1137",0.909180256443425
"1138",0.842157458892763
"1139",0.839214590095272
"1140",1.13366984216331
"1141",1.1146756248911
"1142",0.896938653835193
"1143",0.754637468723646
"1144",1.09522917524199
"1145",1.41469537125062
"1146",0.694838545316604
"1147",1.19857745898258
"1148",0.801513967150961
"1149",0.931897583048264
"1150",1.46582629995114
"1151",0.908284859126858
"1152",1.12101571446732
"1153",1.29539724720166
"1154",0.937979928112101
"1155",0.919479924189807
"1156",0.89240946034457
"1157",0.880821291669825
"1158",0.879367970266064
"1159",1.39158314786393
"1160",0.834112244687797
"1161",0.992492884599529
"1162",0.831423521736996
"1163",1.04865063501175
"1164",1.12923641235069
"1165",0.832834454205722
"1166",1.34642280551597
"1167",0.877613781561873
"1168",1.08492873107424
"1169",0.897004439156794
"1170",1.07012996431262
"1171",1.01593020924205
"1172",0.965712626380665
"1173",1.08758038235576
"1174",0.895370423854774
"1175",0.79278312941137
"1176",1.20916519688348
"1177",0.919945578037107
"1178",0.830240187380061
"1179",0.921971043332339
"1180",1.36808167942151
"1181",1.23352799990228
"1182",0.745104951941456
"1183",1.08263196660365
"1184",0.939774069816953
"1185",0.735119733998212
"1186",1.12218764818935
"1187",1.42026710188075
"1188",1.50357226900823
"1189",1.01073642428626
"1190",0.773129846677079
"1191",0.954220839308341
"1192",0.930583361254144
"1193",0.944792809219527
"1194",1.42781385716625
"1195",0.90937794014325
"1196",1.16130882843264
"1197",1.0188425084359
"1198",1.00396722428178
"1199",0.936857422248112
"1200",0.905207573162647
"1201",0.982517273720766
"1202",1.22201714632816
"1203",1.28081228047476
"1204",0.82776480367006
"1205",0.907734304366195
"1206",0.867603257775592
"1207",0.743449839307364
"1208",0.924898139632298
"1209",0.906666248348168
"1210",1.06890674200877
"1211",1.04774720550712
"1212",0.893484069838787
"1213",0.951746800070716
"1214",1.03721214222491
"1215",0.93201332873229
"1216",0.820057801446913
"1217",0.922544212953769
"1218",1.38479000564719
"1219",0.946943641096919
"1220",0.89681448325774
"1221",1.0029842124171
"1222",0.973103751471851
"1223",1.09437131816399
"1224",1.09081530856645
"1225",1.03715774761946
"1226",1.11333167414857
"1227",0.90140035296684
"1228",1.05444941496232
"1229",0.856153014269241
"1230",0.917092283566082
"1231",0.965664570999005
"1232",0.686952895700187
"1233",1.10974166056382
"1234",1.05869093140388
"1235",1.09943703667901
"1236",1.02166615368095
"1237",0.706081009503184
"1238",0.893801724501959
"1239",0.776694911357281
"1240",0.907377886240602
"1241",1.0363706442831
"1242",0.88458837284544
"1243",0.669740127576814
"1244",1.30455869454512
"1245",1.09252253400863
"1246",1.14055636809832
"1247",1.05819726936608
"1248",0.971115055832755
"1249",1.14665044144731
"1250",1.03527688019522
"1251",1.0873108185424
"1252",1.21484441436535
"1253",0.997150208179645
"1254",1.23623192389225
"1255",1.1274407811863
"1256",1.16536970143322
"1257",1.29546600301487
"1258",1.11665502566247
"1259",1.49209740885125
"1260",1.13499499420156
"1261",1.05123718928616
"1262",1.19322523141344
"1263",0.948590068407331
"1264",0.923853457232279
"1265",1.12434128733812
"1266",1.19140123496652
"1267",0.686438159677608
"1268",0.861592120519569
"1269",0.711086040758009
"1270",0.999955888507296
"1271",0.88315140664574
"1272",0.931206186684247
"1273",1.25887820729061
"1274",1.19851615213205
"1275",1.31405292924864
"1276",1.05273553680708
"1277",1.15073166219224
"1278",0.8485254434734
"1279",1.08800453931307
"1280",0.677140011448944
"1281",1.0482250603826
"1282",1.17779331670057
"1283",0.845203494806728
"1284",0.846690339019286
"1285",0.77299663580851
"1286",0.930850417433852
"1287",0.774722177938221
"1288",0.701436835023576
"1289",0.861615247902954
"1290",1.10457012261655
"1291",0.927376616748611
"1292",1.24067270003777
"1293",0.830417248873256
"1294",0.819256945554094
"1295",0.81909567190446
"1296",0.966455389867921
"1297",1.12489875647739
"1298",1.43752752859891
"1299",0.859314765426607
"1300",1.09526034506521
"1301",0.989295918118085
"1302",0.870129425381853
"1303",0.973643218761089
"1304",1.00084338217546
"1305",1.06971904566759
"1306",0.980589576175778
"1307",0.918697649237805
"1308",1.13873254095256
"1309",0.928487432391037
"1310",1.18937767186032
"1311",0.837815762042108
"1312",0.748785494049007
"1313",0.907126446573093
"1314",0.712661795347191
"1315",0.86603655996876
"1316",0.813776172374793
"1317",0.90267154580256
"1318",0.819654083945379
"1319",0.979709181319802
"1320",0.784490317155489
"1321",1.11753295094324
"1322",1.35269764926023
"1323",1.40894898648079
"1324",0.894774501812105
"1325",1.0087676911643
"1326",1.09401846009685
"1327",1.00768826131308
"1328",0.860565204990119
"1329",0.786529801123739
"1330",0.757167447684666
"1331",1.21255984017222
"1332",1.00177630749386
"1333",0.935014686006335
"1334",1.14632820067817
"1335",1.01964297722484
"1336",0.847627296026293
"1337",0.945225831666796
"1338",0.988785171987917
"1339",1.02252732543849
"1340",1.12195960019662
"1341",0.761732867740163
"1342",0.966661165461493
"1343",0.778850902052466
"1344",0.995215193646259
"1345",1.23377822572974
"1346",0.993000165745645
"1347",1.13765937394784
"1348",1.10954216647991
"1349",0.980291880063419
"1350",0.805725229909252
"1351",0.939862051008838
"1352",1.06426664701287
"1353",1.10793407842108
"1354",0.957250673593079
"1355",1.041144370402
"1356",1.14073280705736
"1357",1.06344133634624
"1358",1.04294994557529
"1359",0.988043403528806
"1360",0.738595345558992
"1361",0.897429224364229
"1362",0.719759838661786
"1363",0.98587497442366
"1364",0.82490930983569
"1365",0.95019714377482
"1366",1.03215529432377
"1367",0.93115853334326
"1368",1.0026836637974
"1369",1.0027733329572
"1370",1.5400479459197
"1371",0.865531471560596
"1372",0.876842472456678
"1373",0.896249230862689
"1374",1.03434803745276
"1375",1.3892609062091
"1376",0.976287298640555
"1377",0.807446049187584
"1378",0.911914704520253
"1379",0.823261081759232
"1380",1.06054365544295
"1381",0.698307234807164
"1382",0.714167424768067
"1383",0.786000098968251
"1384",1.16084348080402
"1385",0.895294652872573
"1386",1.18072290571881
"1387",1.05757350487155
"1388",0.704907240548652
"1389",1.03285196510981
"1390",0.957825957882697
"1391",1.49498778986653
"1392",0.920247794280426
"1393",0.952250636982409
"1394",0.960683406685852
"1395",1.0496221454065
"1396",1.11277765629554
"1397",0.960952667716742
"1398",1.02122223574057
"1399",1.20986899076694
"1400",1.24435992603418
"1401",1.06293107189413
"1402",0.864348021059915
"1403",0.894922338846708
"1404",0.99885796228602
"1405",0.965688690964485
"1406",0.802215661780605
"1407",0.788455380355864
"1408",0.930007980489912
"1409",1.36905771174066
"1410",0.767162783908704
"1411",0.964197053456152
"1412",1.0049070775455
"1413",0.796548887643286
"1414",0.752685508959743
"1415",1.00438715265921
"1416",1.05930700845551
"1417",0.804248853383777
"1418",1.12331938268882
"1419",0.962406040481752
"1420",0.827685020059688
"1421",1.09454335473701
"1422",1.09734184892926
"1423",0.863664350314962
"1424",0.94912906991898
"1425",0.84377558704079
"1426",1.3812757505113
"1427",1.15725904476516
"1428",1.1012695150078
"1429",1.25659279517053
"1430",1.31319749916135
"1431",0.923085121711638
"1432",1.0220364600071
"1433",0.853914024170976
"1434",1.02348435984005
"1435",0.927373142320674
"1436",1.45767233339059
"1437",0.840569175075652
"1438",0.794815330289349
"1439",1.04270521077609
"1440",0.97628965060075
"1441",0.826157440197646
"1442",1.05559275555656
"1443",0.869748030207282
"1444",1.02449716145098
"1445",1.25025671188232
"1446",0.834114245194006
"1447",0.868584749804171
"1448",1.08802621583792
"1449",0.907537401377052
"1450",0.882312686022685
"1451",0.92010965486336
"1452",0.848103486638581
"1453",1.11005760524271
"1454",1.00753824688431
"1455",0.864806201512015
"1456",1.00678928693376
"1457",0.961102843235699
"1458",1.30762128246778
"1459",1.01855184137778
"1460",0.8181733913822
"1461",1.23685124961823
"1462",0.852302400217989
"1463",0.921933098665599
"1464",1.0098428639283
"1465",1.08314497164189
"1466",0.934251374020269
"1467",0.845614925582137
"1468",0.826242020085917
"1469",1.26014591089229
"1470",0.830745838768855
"1471",1.2411745873847
"1472",0.918376684841525
"1473",0.768181438531247
"1474",1.03953380686419
"1475",1.08814425155585
"1476",0.961741639085424
"1477",0.831717666338032
"1478",1.03379049070211
"1479",1.20183884254214
"1480",1.36263619045064
"1481",0.998693269680524
"1482",1.31851996697606
"1483",0.985416522669476
"1484",1.05342743459891
"1485",0.92043158432561
"1486",1.01613021038607
"1487",0.858507530874749
"1488",1.0727080069445
"1489",0.804733161713311
"1490",1.08677652599173
"1491",1.54216220137988
"1492",1.12995143014793
"1493",0.909056430084942
"1494",1.0190048718243
"1495",0.835611198043085
"1496",1.23346518909576
"1497",1.26966991727295
"1498",0.731987429859072
"1499",0.770492003553403
"1500",1.10967757002379
"1501",1.01230203121943
"1502",0.740088344259709
"1503",1.11069232912586
"1504",0.956788544016678
"1505",0.923530467253108
"1506",0.720481222483439
"1507",1.09169195951814
"1508",1.03340782059887
"1509",0.867059284146907
"1510",0.780778057195103
"1511",0.920810259927677
"1512",0.937080087397779
"1513",1.00614237696778
"1514",1.06542346595836
"1515",0.888830020238604
"1516",1.0515813323147
"1517",1.51221760359976
"1518",0.845354842707243
"1519",1.17371905937095
"1520",0.819073008321126
"1521",0.851874375068888
"1522",1.19328142377682
"1523",0.867767622565017
"1524",1.05391610835693
"1525",0.817697834831695
"1526",1.01352332080798
"1527",1.09611057920902
"1528",1.14625608483117
"1529",1.32822992895964
"1530",0.971632434757613
"1531",0.91761339728859
"1532",0.877931818500263
"1533",0.807171299289328
"1534",0.898262709914261
"1535",0.975982408269938
"1536",0.795932993591976
"1537",0.84906952272829
"1538",0.905853050400628
"1539",1.3148700778009
"1540",1.20859900650236
"1541",0.785952781764019
"1542",0.898335418489918
"1543",0.921530461477172
"1544",0.963081839735298
"1545",0.854208989444742
"1546",0.901507382601815
"1547",1.28646519198356
"1548",0.998662574657482
"1549",0.864695184611665
"1550",0.963070274164145
"1551",0.906102437438069
"1552",0.896016043514354
"1553",0.75357243707404
"1554",0.747945173792173
"1555",0.899667783902183
"1556",1.17091295244588
"1557",1.3491089551617
"1558",1.23467395653868
"1559",1.08538189917931
"1560",0.969132620799127
"1561",0.892623516606951
"1562",0.814785410306527
"1563",0.999509157157497
"1564",0.966101616360886
"1565",1.02330640718479
"1566",0.994654820309416
"1567",0.910245268123161
"1568",1.02157761163284
"1569",1.01992040848317
"1570",0.844406196209775
"1571",0.960923663837868
"1572",0.944274906682985
"1573",0.860306443919409
"1574",0.917760978346582
"1575",1.05966508840655
"1576",0.956294837673338
"1577",1.38787109351112
"1578",0.725023036370869
"1579",0.837943290128983
"1580",1.31874091139119
"1581",1.0522394316495
"1582",1.07945513409305
"1583",0.91855203125283
"1584",0.95052463427836
"1585",1.06802331287852
"1586",1.03670551036877
"1587",0.91852482404428
"1588",1.02178929292312
"1589",0.941707643283199
"1590",1.16377896964895
"1591",1.13404583221557
"1592",1.27019264016086
"1593",0.827461400635674
"1594",1.02306617280403
"1595",0.910086806968613
"1596",0.994088992826165
"1597",0.918057332009046
"1598",1.06674540431962
"1599",1.00320177596789
"1600",1.10084254318443
"1601",0.913526391159924
"1602",0.941149392192008
"1603",0.871613090256788
"1604",0.948787538128117
"1605",1.20488899618164
"1606",0.857644746640649
"1607",0.977186884898597
"1608",0.693223780389691
"1609",0.887773568736654
"1610",0.820916780518419
"1611",0.860143990469846
"1612",0.98450659518644
"1613",0.94754676496513
"1614",0.954365125216632
"1615",1.28513823303756
"1616",0.837488397115853
"1617",0.815096432952657
"1618",0.864233656326895
"1619",0.863597838502152
"1620",0.791251213142879
"1621",1.36344857485482
"1622",0.949010476759978
"1623",1.08736735438666
"1624",1.1041543173778
"1625",0.780213273418675
"1626",1.33690235734108
"1627",0.756408602387101
"1628",0.939893739656825
"1629",0.769399132664604
"1630",1.10250240307783
"1631",1.30026594941987
"1632",1.05226766967344
"1633",0.870690762364983
"1634",0.960680252965065
"1635",0.910282903145154
"1636",0.867110048009486
"1637",1.11204784173857
"1638",0.879605074430095
"1639",1.01421149198263
"1640",1.10091727455885
"1641",0.820720265533895
"1642",0.777306393914413
"1643",1.21965493302953
"1644",0.8063709956335
"1645",1.22953572536175
"1646",0.995576684122586
"1647",0.823399946425774
"1648",0.993275150910114
"1649",0.915321954552514
"1650",0.779914276815189
"1651",0.754447697225274
"1652",0.802144980685897
"1653",0.949693960851102
"1654",1.32021522868359
"1655",1.1525919937541
"1656",1.34799243646455
"1657",0.738325951570629
"1658",1.29891410959483
"1659",0.913357967485129
"1660",0.974874345471247
"1661",1.01066638002734
"1662",0.830136246909981
"1663",0.725372481021899
"1664",0.857680918719175
"1665",0.989810681768513
"1666",0.974362780072041
"1667",0.98496210992751
"1668",0.872240517810719
"1669",1.19206886213177
"1670",0.741305504729228
"1671",0.97579402583354
"1672",0.749261047076849
"1673",0.78046384292739
"1674",1.02622070333667
"1675",0.95874642801683
"1676",1.16047128870502
"1677",0.876428922310488
"1678",0.784623143768103
"1679",0.882841664143002
"1680",0.913511430892994
"1681",0.932181401054952
"1682",0.730308231270788
"1683",1.0443797454429
"1684",0.878506698410465
"1685",0.975796699506275
"1686",0.717425467203319
"1687",0.904444903724266
"1688",0.772465330284343
"1689",1.25894628023485
"1690",1.03111918996006
"1691",0.869294544938808
"1692",0.794815330289349
"1693",0.925993072199063
"1694",1.14787358115324
"1695",1.33597209287655
"1696",1.13894358705513
"1697",1.14884814020641
"1698",1.51859876170879
"1699",1.09203126398377
"1700",0.79814051601905
"1701",0.842727976339955
"1702",0.997356962824351
"1703",0.962796794873267
"1704",0.890479912690564
"1705",1.11425433930108
"1706",0.890479912690564
"1707",1.01149958615357
"1708",1.09103611822788
"1709",0.863167734825252
"1710",0.850525501596685
"1711",0.782416360223838
"1712",0.833562325762762
"1713",0.970793507329248
"1714",0.79814051601905
"1715",1.14884814020641
"1716",0.808662160179478
"1717",1.11425433930108
"1718",0.743674550287141
"1719",0.873324590505172
"1720",0.833562325762762
"1721",0.970793507329248
"1722",0.982389920448885
"1723",0.982389920448885
"1724",0.997356962824351
"1725",0.876931420630924
"1726",0.791618469322468
"1727",1.23748391933229
"1728",1.11323894211117
"1729",0.833562325762762
"1730",1.11323894211117
"1731",0.718661082744486
"1732",1.01288978041866
"1733",0.963810896190208
"1734",0.704327856652256
"1735",0.756099813256155
"1736",0.850525501596685
"1737",1.16659771507523
"1738",1.15303668805988
"1739",0.997356962824351
"1740",0.743674550287141
"1741",0.944588317123462
"1742",0.850525501596685
"1743",0.963810896190208
"1744",0.962796794873267
"1745",0.850525501596685
"1746",0.855906701728154
"1747",1.01288978041866
"1748",1.47973467131529
"1749",1.35050020220478
"1750",1.0285388138829
"1751",1.15303668805988
"1752",0.718661082744486
"1753",0.873324590505172
"1754",1.11425433930108
"1755",0.855906701728154
"1756",0.890479912690564
"1757",0.852639418856993
"1758",1.14884814020641
"1759",1.09203126398377
"1760",0.990549367754188
"1761",0.79814051601905
"1762",0.880128596211388
"1763",1.09103611822788
"1764",1.0285388138829
"1765",0.852639418856993
"1766",0.833562325762762
"1767",0.752421011498228
"1768",1.16553461843754
"1769",1.15303668805988
"1770",0.743674550287141
"1771",0.962796794873267
"1772",0.709783218124572
"1773",0.962796794873267
"1774",1.09203126398377
"1775",0.752421011498228
"1776",0.718661082744486
"1777",0.880128596211388
"1778",0.833562325762762
"1779",0.903721222274045
"1780",1.16659771507523
"1781",0.875727829622888
"1782",1.11425433930108
"1783",0.833562325762762
"1784",1.15303668805988
"1785",1.02502608432425
"1786",1.01658264213563
"1787",0.814382850269246
"1788",1.01658264213563
"1789",0.990549367754188
"1790",0.944588317123462
"1791",1.0285388138829
"1792",1.22126573309428
"1793",0.739956073092208
"1794",0.880128596211388
"1795",0.839666663119904
"1796",0.962796794873267
"1797",0.873324590505172
"1798",0.993733940756583
"1799",1.30465661626757
"1800",0.880128596211388
"1801",0.962796794873267
"1802",1.02502608432425
"1803",0.903721222274045
"1804",0.876931420630924
"1805",0.900438343572184
"1806",0.876931420630924
"1807",1.16659771507523
"1808",0.79814051601905
"1809",1.01149958615357
"1810",1.09203126398377
"1811",0.743674550287141
"1812",1.01658264213563
"1813",1.28949073398413
"1814",0.752421011498228
"1815",1.0285388138829
"1816",1.0285388138829
"1817",0.903721222274045
"1818",0.876503579483438
"1819",0.944588317123462
"1820",1.15198594930875
"1821",0.79814051601905
"1822",1.15198594930875
"1823",0.794884185602102
"1824",0.741019896127059
"1825",0.839666663119904
"1826",0.743674550287141
"1827",0.903721222274045
"1828",1.1077741450032
"1829",1.02502608432425
"1830",0.833562325762762
"1831",1.15198594930875
"1832",1.0285388138829
"1833",1.37798317700548
"1834",0.880128596211388
"1835",0.914350014953859
"1836",1.47973467131529
"1837",0.833562325762762
"1838",1.11323894211117
"1839",0.664902299108664
"1840",1.03708156058525
"1841",1.16659771507523
"1842",0.752421011498228
"1843",0.962796794873267
"1844",1.47973467131529
"1845",0.838514218103449
"1846",1.01658264213563
"1847",0.880128596211388
"1848",0.944588317123462
"1849",0.833562325762762
"1850",1.16659771507523
"1851",0.743674550287141
"1852",0.958159528653287
"1853",0.743674550287141
"1854",1.01288978041866
"1855",0.992370037938944
"1856",0.743674550287141
"1857",0.962796794873267
"1858",0.875727829622888
"1859",0.739956073092208
"1860",0.833562325762762
"1861",1.0285388138829
"1862",0.890479912690564
"1863",1.23748391933229
"1864",0.982389920448885
"1865",0.855906701728154
"1866",0.944588317123462
"1867",0.866314729833871
"1868",0.990549367754188
"1869",0.903721222274045
"1870",0.752421011498228
"1871",0.962796794873267
"1872",0.855906701728154
"1873",1.34222369950124
"1874",0.779574136381287
"1875",0.739956073092208
"1876",0.982389920448885
"1877",0.993733940756583
"1878",0.842727976339955
"1879",0.855906701728154
"1880",0.982389920448885
"1881",0.832197750833871
"1882",1.23680485519571
"1883",1.17439845725563
"1884",0.836385391213545
"1885",0.935463551093963
"1886",0.860517903013581
"1887",0.935686403680873
"1888",0.959586524237415
"1889",1.11828208589666
"1890",0.927657743158098
"1891",1.22959344629676
"1892",1.2292964181499
"1893",1.224934242884
"1894",0.700113667638296
"1895",0.765241109512669
"1896",0.875058984085788
"1897",0.746636339083
"1898",0.881517930165174
"1899",0.816580952974574
"1900",0.842245822756645
"1901",0.897800754828577
"1902",1.00233330698751
"1903",1.14910386904238
"1904",0.917744320920834
"1905",1.07476577551402
"1906",1.03186534963317
"1907",1.03300968603781
"1908",1.06171058094987
"1909",1.31281509050269
"1910",1.34485241328866
"1911",1.39739020816468
"1912",1.42695839959914
"1913",0.826502262021937
"1914",0.876729085488873
"1915",1.30089320906112
"1916",0.721961755967809
"1917",0.724111497805966
"1918",0.833271541062039
"1919",1.30384067036443
"1920",1.30296075058435
"1921",0.81697440332648
"1922",1.30188197795458
"1923",0.672104869557893
"1924",0.87946601807299
"1925",0.965498812746941
"1926",0.770457921792179
"1927",0.670533097729789
"1928",1.23645871883299
"1929",0.95359608836358
"1930",1.06643321292845
"1931",0.820762957808255
"1932",0.911643700138238
"1933",0.955173035944019
"1934",1.22984608918421
"1935",0.770001097168112
"1936",0.96332842801587
"1937",0.680028141706637
"1938",0.941413020155497
"1939",0.823179517466114
"1940",1.2212233400025
"1941",0.765207091436822
"1942",0.816953519732625
"1943",0.763770917014255
"1944",0.802201116841185
"1945",0.834996527015735
"1946",0.813027506144184
"1947",1.08954094124822
"1948",0.879990152892061
"1949",1.0963475981032
"1950",1.44176850580409
"1951",0.788664704237477
"1952",0.981255237559621
"1953",1.37093187213026
"1954",1.26953149094347
"1955",0.903000307523915
"1956",0.893427673010163
"1957",0.867143573138134
"1958",0.684134970853739
"1959",0.971131053637261
"1960",0.942891739136479
"1961",0.77180865451342
"1962",0.806134786239879
"1963",1.06552625705174
"1964",0.838182782663894
"1965",0.929926126294711
"1966",1.02450306349618
"1967",1.16896508743468
"1968",0.876396235923826
"1969",0.850102642379589
"1970",0.973515901843366
"1971",0.851874774446254
"1972",1.05408539865643
"1973",1.09887282123755
"1974",0.765817283075108
"1975",0.753021152663358
"1976",0.905967239250623
"1977",0.777788061768203
"1978",0.822872506736405
"1979",0.856504139445812
"1980",1.14006270606356
"1981",1.00927929284938
"1982",0.784912195909865
"1983",0.851557855547355
"1984",0.91998942225189
"1985",0.791433466360628
"1986",0.863836534820823
"1987",0.86034692523432
"1988",0.816569315960959
"1989",0.878281351241383
"1990",0.929589547028475
"1991",0.922334683995568
"1992",1.04757084316147
"1993",0.865724361540599
"1994",0.978676325148402
"1995",1.0982229196605
"1996",1.02936985707513
"1997",1.1554090181928
"1998",0.87394490388436
"1999",1.14659302478012
"2000",1.21214305346778
"2001",1.0889273378238
"2002",0.882982009334972
"2003",0.740497373522115
"2004",1.12252033138128
"2005",1.01703993434953
"2006",0.913118569257799
"2007",1.03142304437256
"2008",0.959664142930522
"2009",0.813750779236088
"2010",0.936261071009507
"2011",1.1682215462123
"2012",0.759303255935184
"2013",0.860715724216556
"2014",0.937360980897609
"2015",0.838999038250145
"2016",1.25798783224389
"2017",1.05393356956396
"2018",0.876819718042638
"2019",0.90722597315575
"2020",0.769370558913457
"2021",0.888938152703786
"2022",1.35317123608753
"2023",1.14356457786388
"2024",1.21884545200337
"2025",1.36032626972151
"2026",1.24185465734924
"2027",0.799046525022208
"2028",0.935030389939541
"2029",1.02533693773441
"2030",0.825910742332807
"2031",1.16059795915571
"2032",0.879078844166614
"2033",0.904487616152719
"2034",0.858936520438853
"2035",1.11797661481907
"2036",0.908850506299424
"2037",1.08378518873135
"2038",0.973726210778508
"2039",0.975248596864404
"2040",1.1954243673677
"2041",0.723979153843384
"2042",1.4974284164783
"2043",1.17468022856608
"2044",1.14319370516412
"2045",0.935042253919925
"2046",0.716135753561158
"2047",0.782231602090361
"2048",0.747345750448482
"2049",0.685625667197433
"2050",0.961513718582858
"2051",1.32536545144642
"2052",0.946085815041364
"2053",0.813620349821131
"2054",1.20398351093588
"2055",1.01535602516193
"2056",0.917820850763135
"2057",0.90522232431446
"2058",0.869767959739866
"2059",1.11024256677061
"2060",1.03726089105417
"2061",1.00277742666634
"2062",0.748403182393878
"2063",1.25493416095155
"2064",1.07001876575541
"2065",0.835790499525929
"2066",1.10532174836574
"2067",0.93314374156861
"2068",0.885111196038587
"2069",0.813921367906729
"2070",0.932667308879708
"2071",0.972108443825511
"2072",0.772590488065836
"2073",0.992373046583454
"2074",0.907013490916022
"2075",0.911613074133632
"2076",0.82786080506671
"2077",1.00680811577813
"2078",1.15447776331569
"2079",0.879483331024664
"2080",1.10238654160439
"2081",1.01850649526575
"2082",1.02513267139135
"2083",0.974434207370025
"2084",0.804910997860676
"2085",0.884574623042224
"2086",0.748233198188661
"2087",0.915900333529999
"2088",1.01631895846226
"2089",0.846680887750701
"2090",0.856609888565835
"2091",0.777082760501917
"2092",1.12429054594002
"2093",0.86286739611833
"2094",0.879055539525941
"2095",0.966859322022012
"2096",0.960245989873357
"2097",1.25548476146168
"2098",0.741262052647082
"2099",0.801322905421086
"2100",0.967274694163263
"2101",1.16180616764671
"2102",0.944856945859034
"2103",0.774882428331285
"2104",0.99202091386927
"2105",1.08927001542414
"2106",0.995430242683647
"2107",1.07487693173763
"2108",1.10673077870423
"2109",0.953534495603563
"2110",0.951505298053488
"2111",0.899717214132153
"2112",1.42105508972837
"2113",0.852220060295583
"2114",0.940722617710969
"2115",0.779508157755301
"2116",1.02792836068868
"2117",1.08535272904871
"2118",1.03426040356992
"2119",1.29179585621383
"2120",1.43323694602988
"2121",0.890645788102645
"2122",0.991078340068563
"2123",0.94138008618585
"2124",0.863836534820823
"2125",0.944097423738689
"2126",1.08805194610929
"2127",0.759447685408514
"2128",1.02232245801504
"2129",1.13172562726828
"2130",0.834881554221371
"2131",0.949423815735835
"2132",1.39448996662159
"2133",1.35255623506279
"2134",1.10162521354352
"2135",0.850861724416638
"2136",0.911254519967102
"2137",0.853304454425751
"2138",1.24144456656266
"2139",0.888477548117197
"2140",1.14221448505292
"2141",0.972914703363693
"2142",1.07026221628352
"2143",1.00760559202178
"2144",0.939365460674633
"2145",1.11376423670883
"2146",0.963306475303345
"2147",1.23736723194994
"2148",0.832929340607935
"2149",0.917104737591658
"2150",1.18154415988798
"2151",1.38865155223371
"2152",0.775406814663034
"2153",1.11620817192483
"2154",0.84299337920262
"2155",1.05818611151121
"2156",0.95577552473172
"2157",1.09316658069245
"2158",0.762483367751984
"2159",0.890714079170443
"2160",1.07917572520014
"2161",1.26442802648861
"2162",1.03034564332042
"2163",0.781998214187587
"2164",1.17417840205097
"2165",0.859120574868146
"2166",0.799133937531692
"2167",1.19954146620799
"2168",1.50029931650527
"2169",1.03366919933081
"2170",1.07378416186594
"2171",1.06469802865626
"2172",1.32397488346814
"2173",0.910226652482679
"2174",1.04173700775146
"2175",1.13835837220342
"2176",1.19067238498666
"2177",0.828093940190734
"2178",0.855999857936731
"2179",1.20423836733286
"2180",1.24176425144186
"2181",0.912603877284125
"2182",0.952686849913902
"2183",1.11879786370946
"2184",1.22186110666192
"2185",1.32578050773813
"2186",1.51892403091807
"2187",1.28519363536701
"2188",0.981608729229268
"2189",1.02854246704715
"2190",1.17114126645297
"2191",1.09580976295427
"2192",0.841622590505988
"2193",1.16329687491769
"2194",0.986087382413642
"2195",1.26672403814238
"2196",0.97142765682017
"2197",1.00994204061535
"2198",1.16094889281247
"2199",1.12430226845339
"2200",1.13852781403993
"2201",1.03973950481448
"2202",0.98882959284782
"2203",0.967459185602905
