year,gender,sex,education_id,education,probability
2025,0,Female,1,ISCED 0-1,0.0197171466914421
2025,0,Female,2,ISCED 2,0.0583255909982452
2025,0,Female,3,ISCED 3,0.7725818106741
2025,0,Female,4,ISCED 5,0.027253232868579
2025,0,Female,5,ISCED 6,0.122122218767634
2025,0,Female,6,ISCED 7,0
2025,0,Female,7,ISCED 8,0
2025,1,Male,1,ISCED 0-1,0.0260488072388264
2025,1,Male,2,ISCED 2,0.105840416780916
2025,1,Male,3,ISCED 3,0.769673704414587
2025,1,Male,4,ISCED 5,0.028536109010414
2025,1,Male,5,ISCED 6,0.0699009625552564
2025,1,Male,6,ISCED 7,0
2025,1,Male,7,ISCED 8,0
2026,0,Female,1,ISCED 0-1,0.0193998882491857
2026,0,Female,2,ISCED 2,0.0573871039831934
2026,0,Female,3,ISCED 3,0.771950209930878
2026,0,Female,4,ISCED 5,0.0275975751613939
2026,0,Female,5,ISCED 6,0.123665222675349
2026,0,Female,6,ISCED 7,0
2026,0,Female,7,ISCED 8,0
2026,1,Male,1,ISCED 0-1,0.0255154261023305
2026,1,Male,2,ISCED 2,0.103673205005259
2026,1,Male,3,ISCED 3,0.771483360402478
2026,1,Male,4,ISCED 5,0.0287943844018672
2026,1,Male,5,ISCED 6,0.0705336240880648
2026,1,Male,6,ISCED 7,0
2026,1,Male,7,ISCED 8,0
2027,0,Female,1,ISCED 0-1,0.0190822111498936
2027,0,Female,2,ISCED 2,0.0564473785324078
2027,0,Female,3,ISCED 3,0.77131777572175
2027,0,Female,4,ISCED 5,0.0279423718513323
2027,0,Female,5,ISCED 6,0.125210262744616
2027,0,Female,6,ISCED 7,0
2027,0,Female,7,ISCED 8,0
2027,1,Male,1,ISCED 0-1,0.024981167078065
2027,1,Male,2,ISCED 2,0.10150242623298
2027,1,Male,3,ISCED 3,0.773295994888765
2027,1,Male,4,ISCED 5,0.0290530848867328
2027,1,Male,5,ISCED 6,0.0711673269134575
2027,1,Male,6,ISCED 7,0
2027,1,Male,7,ISCED 8,0
2028,0,Female,1,ISCED 0-1,0.0187641145643234
2028,0,Female,2,ISCED 2,0.0555064121928939
2028,0,Female,3,ISCED 3,0.770684506395855
2028,0,Female,4,ISCED 5,0.0282876238384277
2028,0,Female,5,ISCED 6,0.126757343008501
2028,0,Female,6,ISCED 7,0
2028,0,Female,7,ISCED 8,0
2028,1,Male,1,ISCED 0-1,0.0244460279968818
2028,1,Male,2,ISCED 2,0.0993280716504886
2028,1,Male,3,ISCED 3,0.775111615232933
2028,1,Male,4,ISCED 5,0.0293122115153618
2028,1,Male,5,ISCED 6,0.0718020736043345
2028,1,Male,6,ISCED 7,0
2028,1,Male,7,ISCED 8,0
2029,0,Female,1,ISCED 0-1,0.0184455976610412
2029,0,Female,2,ISCED 2,0.0545642025051745
2029,0,Female,3,ISCED 3,0.770050400297965
2029,0,Female,4,ISCED 5,0.0286333320250922
2029,0,Female,5,ISCED 6,0.128306467510727
2029,0,Female,6,ISCED 7,0
2029,0,Female,7,ISCED 8,0
2029,1,Male,1,ISCED 0-1,0.0239100066824812
2029,1,Male,2,ISCED 2,0.0971501324151345
2029,1,Male,3,ISCED 3,0.776930228818736
2029,1,Male,4,ISCED 5,0.0295717653415687
2029,1,Male,5,ISCED 6,0.0724378667420795
2029,1,Male,6,ISCED 7,0
2029,1,Male,7,ISCED 8,0
2030,0,Female,1,ISCED 0-1,0.0181266596064146
2030,0,Female,2,ISCED 2,0.0536207470032686
2030,0,Female,3,ISCED 3,0.769415455768479
2030,0,Female,4,ISCED 5,0.0289794973161241
2030,0,Female,5,ISCED 6,0.129857640305713
2030,0,Female,6,ISCED 7,0
2030,0,Female,7,ISCED 8,0
2030,1,Male,1,ISCED 0-1,0.0233731009513815
2030,1,Male,2,ISCED 2,0.0949685996550872
2030,1,Male,3,ISCED 3,0.778751843054292
2030,1,Male,4,ISCED 5,0.0298317474226454
2030,1,Male,5,ISCED 6,0.0730747089165942
2030,1,Male,6,ISCED 7,0
2030,1,Male,7,ISCED 8,0
2031,0,Female,1,ISCED 0-1,0.0179148640791553
2031,0,Female,2,ISCED 2,0.0529942314383393
2031,0,Female,3,ISCED 3,0.768217212512891
2031,0,Female,4,ISCED 5,0.0293510623174783
2031,0,Female,5,ISCED 6,0.131522629652136
2031,0,Female,6,ISCED 7,0
2031,0,Female,7,ISCED 8,0
2031,1,Male,1,ISCED 0-1,0.0229874721413795
2031,1,Male,2,ISCED 2,0.0934017289112896
2031,1,Male,3,ISCED 3,0.779448979194193
2031,1,Male,4,ISCED 5,0.0301956670990122
2031,1,Male,5,ISCED 6,0.0739661526541253
2031,1,Male,6,ISCED 7,0
2031,1,Male,7,ISCED 8,0
2032,0,Female,1,ISCED 0-1,0.017702811396178
2032,0,Female,2,ISCED 2,0.0523669551771758
2032,0,Female,3,ISCED 3,0.767017514386613
2032,0,Female,4,ISCED 5,0.0297230784618097
2032,0,Female,5,ISCED 6,0.133189640578224
2032,0,Female,6,ISCED 7,0
2032,0,Female,7,ISCED 8,0
2032,1,Male,1,ISCED 0-1,0.0226013635939573
2032,1,Male,2,ISCED 2,0.0918329089186057
2032,1,Male,3,ISCED 3,0.780146982598896
2032,1,Male,4,ISCED 5,0.0305600395057824
2032,1,Male,5,ISCED 6,0.0748587053827583
2032,1,Male,6,ISCED 7,0
2032,1,Male,7,ISCED 8,0
2033,0,Female,1,ISCED 0-1,0.017490501088852
2033,0,Female,2,ISCED 2,0.0517389168335152
2033,0,Female,3,ISCED 3,0.765816358738345
2033,0,Female,4,ISCED 5,0.0300955465712637
2033,0,Female,5,ISCED 6,0.134858676768024
2033,0,Female,6,ISCED 7,0
2033,0,Female,7,ISCED 8,0
2033,1,Male,1,ISCED 0-1,0.0222147744133393
2033,1,Male,2,ISCED 2,0.0902621360373579
2033,1,Male,3,ISCED 3,0.780845854887775
2033,1,Male,4,ISCED 5,0.0309248654883035
2033,1,Male,5,ISCED 6,0.075752369173224
2033,1,Male,6,ISCED 7,0
2033,1,Male,7,ISCED 8,0
2034,0,Female,1,ISCED 0-1,0.0172779326874075
2034,0,Female,2,ISCED 2,0.0511101150177238
2034,0,Female,3,ISCED 3,0.764613742910343
2034,0,Female,4,ISCED 5,0.0304684674699845
2034,0,Female,5,ISCED 6,0.136529741914541
2034,0,Female,6,ISCED 7,0
2034,0,Female,7,ISCED 8,0
2034,1,Male,1,ISCED 0-1,0.0218277037015185
2034,1,Male,2,ISCED 2,0.0886894066188018
2034,1,Male,3,ISCED 3,0.781545597684239
2034,1,Male,4,ISCED 5,0.0312901458940288
2034,1,Male,5,ISCED 6,0.0766471461014119
2034,1,Male,6,ISCED 7,0
2034,1,Male,7,ISCED 8,0
2035,0,Female,1,ISCED 0-1,0.0170651057209317
2035,0,Female,2,ISCED 2,0.0504805483367876
2035,0,Female,3,ISCED 3,0.763409664238395
2035,0,Female,4,ISCED 5,0.0308418419841212
2035,0,Female,5,ISCED 6,0.138202839719765
2035,0,Female,6,ISCED 7,0
2035,0,Female,7,ISCED 8,0
2035,1,Male,1,ISCED 0-1,0.0214401505582493
2035,1,Male,2,ISCED 2,0.0871147170050973
2035,1,Male,3,ISCED 3,0.782246212615743
2035,1,Male,4,ISCED 5,0.0316558815725243
2035,1,Male,5,ISCED 6,0.0775430382483863
2035,1,Male,6,ISCED 7,0
2035,1,Male,7,ISCED 8,0
2036,0,Female,1,ISCED 0-1,0.0169302729620972
2036,0,Female,2,ISCED 2,0.0500816975056802
2036,0,Female,3,ISCED 3,0.762303434852728
2036,0,Female,4,ISCED 5,0.0311410406122688
2036,0,Female,5,ISCED 6,0.139543554067226
2036,0,Female,6,ISCED 7,0
2036,0,Female,7,ISCED 8,0
2036,1,Male,1,ISCED 0-1,0.0211786066998177
2036,1,Male,2,ISCED 2,0.0860520230118913
2036,1,Male,3,ISCED 3,0.782364441377227
2036,1,Male,4,ISCED 5,0.0320054938305566
2036,1,Male,5,ISCED 6,0.0783994350805071
2036,1,Male,6,ISCED 7,0
2036,1,Male,7,ISCED 8,0
2037,0,Female,1,ISCED 0-1,0.0167953073782274
2037,0,Female,2,ISCED 2,0.0496824537628194
2037,0,Female,3,ISCED 3,0.761196115709954
2037,0,Female,4,ISCED 5,0.0314405339838353
2037,0,Female,5,ISCED 6,0.140885589165164
2037,0,Female,6,ISCED 7,0
2037,0,Female,7,ISCED 8,0
2037,1,Male,1,ISCED 0-1,0.0209168278095475
2037,1,Male,2,ISCED 2,0.0849883740472141
2037,1,Male,3,ISCED 3,0.782482776382932
2037,1,Male,4,ISCED 5,0.032355420261563
2037,1,Male,5,ISCED 6,0.0792566014987439
2037,1,Male,6,ISCED 7,0
2037,1,Male,7,ISCED 8,0
2038,0,Female,1,ISCED 0-1,0.0166602087729548
2038,0,Female,2,ISCED 2,0.0492828165273272
2038,0,Female,3,ISCED 3,0.760087705198985
2038,0,Female,4,ISCED 5,0.0317403225345673
2038,0,Female,5,ISCED 6,0.142228946966166
2038,0,Female,6,ISCED 7,0
2038,0,Female,7,ISCED 8,0
2038,1,Male,1,ISCED 0-1,0.0206548135704851
2038,1,Male,2,ISCED 2,0.0839237688232344
2038,1,Male,3,ISCED 3,0.782601217776132
2038,1,Male,4,ISCED 5,0.0327056612892229
2038,1,Male,5,ISCED 6,0.0801145385409256
2038,1,Male,6,ISCED 7,0
2038,1,Male,7,ISCED 8,0
2039,0,Female,1,ISCED 0-1,0.0165249769495247
2039,0,Female,2,ISCED 2,0.0488827852171805
2039,0,Female,3,ISCED 3,0.758978201705554
2039,0,Female,4,ISCED 5,0.0320404067010705
2039,0,Female,5,ISCED 6,0.14357362942667
2039,0,Female,6,ISCED 7,0
2039,0,Female,7,ISCED 8,0
2039,1,Male,1,ISCED 0-1,0.0203925636651072
2039,1,Male,2,ISCED 2,0.0828582060498041
2039,1,Male,3,ISCED 3,0.782719765700362
2039,1,Male,4,ISCED 5,0.033056217337978
2039,1,Male,5,ISCED 6,0.0809732472467484
2039,1,Male,6,ISCED 7,0
2039,1,Male,7,ISCED 8,0
2040,0,Female,1,ISCED 0-1,0.0163896117107939
2040,0,Female,2,ISCED 2,0.0484823592492073
2040,0,Female,3,ISCED 3,0.757867603612211
2040,0,Female,4,ISCED 5,0.0323407869208123
2040,0,Female,5,ISCED 6,0.144919638506975
2040,0,Female,6,ISCED 7,0
2040,0,Female,7,ISCED 8,0
2040,1,Male,1,ISCED 0-1,0.0201300777753187
2040,1,Male,2,ISCED 2,0.0817916844344532
2040,1,Male,3,ISCED 3,0.782838420299415
2040,1,Male,4,ISCED 5,0.0334070888330338
2040,1,Male,5,ISCED 6,0.0818327286577794
2040,1,Male,6,ISCED 7,0
2040,1,Male,7,ISCED 8,0
2041,0,Female,1,ISCED 0-1,0.0163056152414914
2041,0,Female,2,ISCED 2,0.0482338880180244
2041,0,Female,3,ISCED 3,0.756537876876162
2041,0,Female,4,ISCED 5,0.0326440507540295
2041,0,Female,5,ISCED 6,0.146278569110293
2041,0,Female,6,ISCED 7,0
2041,0,Female,7,ISCED 8,0
2041,1,Male,1,ISCED 0-1,0.0199562708711843
2041,1,Male,2,ISCED 2,0.0810854795397597
2041,1,Male,3,ISCED 3,0.782489345166838
2041,1,Male,4,ISCED 5,0.0337633911701514
2041,1,Male,5,ISCED 6,0.0827055132520671
2041,1,Male,6,ISCED 7,0
2041,1,Male,7,ISCED 8,0
2042,0,Female,1,ISCED 0-1,0.0162215377737152
2042,0,Female,2,ISCED 2,0.0479851771840269
2042,0,Female,3,ISCED 3,0.755206867873883
2042,0,Female,4,ISCED 5,0.0329476070270099
2042,0,Female,5,ISCED 6,0.147638810141365
2042,0,Female,6,ISCED 7,0
2042,0,Female,7,ISCED 8,0
2042,1,Male,1,ISCED 0-1,0.0197823682969198
2042,1,Male,2,ISCED 2,0.0803788859222218
2042,1,Male,3,ISCED 3,0.78214007788963
2042,1,Male,4,ISCED 5,0.0341198896300358
2042,1,Male,5,ISCED 6,0.0835787782611927
2042,1,Male,6,ISCED 7,0
2042,1,Male,7,ISCED 8,0
2043,0,Female,1,ISCED 0-1,0.0161373791902477
2043,0,Female,2,ISCED 2,0.047736226400471
2043,0,Female,3,ISCED 3,0.753874574749731
2043,0,Female,4,ISCED 5,0.0332514561629607
2043,0,Female,5,ISCED 6,0.14900036349659
2043,0,Female,6,ISCED 7,0
2043,0,Female,7,ISCED 8,0
2043,1,Male,1,ISCED 0-1,0.0196083699735126
2043,1,Male,2,ISCED 2,0.0796719032607987
2043,1,Male,3,ISCED 3,0.781790618309102
2043,1,Male,4,ISCED 5,0.0344765843746623
2043,1,Male,5,ISCED 6,0.0844525240819243
2043,1,Male,6,ISCED 7,0
2043,1,Male,7,ISCED 8,0
2044,0,Female,1,ISCED 0-1,0.0160531393736447
2044,0,Female,2,ISCED 2,0.047487035319944
2044,0,Female,3,ISCED 3,0.752540995644478
2044,0,Female,4,ISCED 5,0.033555598585906
2044,0,Female,5,ISCED 6,0.150363231076027
2044,0,Female,6,ISCED 7,0
2044,0,Female,7,ISCED 8,0
2044,1,Male,1,ISCED 0-1,0.0194342758218629
2044,1,Male,2,ISCED 2,0.0789645312340959
2044,1,Male,3,ISCED 3,0.78144096626639
2044,1,Male,4,ISCED 5,0.0348334755661841
2044,1,Male,5,ISCED 6,0.0853267511114666
2044,1,Male,6,ISCED 7,0
2044,1,Male,7,ISCED 8,0
2045,0,Female,1,ISCED 0-1,0.0159688182062355
2045,0,Female,2,ISCED 2,0.0472376035943618
2045,0,Female,3,ISCED 3,0.751206128695308
2045,0,Female,4,ISCED 5,0.0338600347206888
2045,0,Female,5,ISCED 6,0.151727414783406
2045,0,Female,6,ISCED 7,0
2045,0,Female,7,ISCED 8,0
2045,1,Male,1,ISCED 0-1,0.0192600857627841
2045,1,Male,2,ISCED 2,0.078256769520365
2045,1,Male,3,ISCED 3,0.781091121602455
2045,1,Male,4,ISCED 5,0.0351905633669336
2045,1,Male,5,ISCED 6,0.0862014597474625
2045,1,Male,6,ISCED 7,0
2045,1,Male,7,ISCED 8,0
2046,0,Female,1,ISCED 0-1,0.015912575170935
2046,0,Female,2,ISCED 2,0.0470712302176875
2046,0,Female,3,ISCED 3,0.749798478562535
2046,0,Female,4,ISCED 5,0.0341574733780799
2046,0,Female,5,ISCED 6,0.153060242670763
2046,0,Female,6,ISCED 7,0
2046,0,Female,7,ISCED 8,0
2046,1,Male,1,ISCED 0-1,0.0191289544227657
2046,1,Male,2,ISCED 2,0.0777239621809217
2046,1,Male,3,ISCED 3,0.78029665770179
2046,1,Male,4,ISCED 5,0.0356133424515369
2046,1,Male,5,ISCED 6,0.0872370832429859
2046,1,Male,6,ISCED 7,0
2046,1,Male,7,ISCED 8,0
2047,0,Female,1,ISCED 0-1,0.0158562822069061
2047,0,Female,2,ISCED 2,0.0469047091460835
2047,0,Female,3,ISCED 3,0.748389578814038
2047,0,Female,4,ISCED 5,0.0344551760812126
2047,0,Female,5,ISCED 6,0.15439425375176
2047,0,Female,6,ISCED 7,0
2047,0,Female,7,ISCED 8,0
2047,1,Male,1,ISCED 0-1,0.0189977560572965
2047,1,Male,2,ISCED 2,0.0771908825064893
2047,1,Male,3,ISCED 3,0.779501787725041
2047,1,Male,4,ISCED 5,0.036036337632145
2047,1,Male,5,ISCED 6,0.0882732360790278
2047,1,Male,6,ISCED 7,0
2047,1,Male,7,ISCED 8,0
2048,0,Female,1,ISCED 0-1,0.0157999392476341
2048,0,Female,2,ISCED 2,0.0467380401827921
2048,0,Female,3,ISCED 3,0.746979427785092
2048,0,Female,4,ISCED 5,0.0347531431818457
2048,0,Female,5,ISCED 6,0.155729449602636
2048,0,Female,6,ISCED 7,0
2048,0,Female,7,ISCED 8,0
2048,1,Male,1,ISCED 0-1,0.0188664906149753
2048,1,Male,2,ISCED 2,0.0766575302882157
2048,1,Male,3,ISCED 3,0.778706511360792
2048,1,Male,4,ISCED 5,0.0364595490744807
2048,1,Male,5,ISCED 6,0.0893099186615364
2048,1,Male,6,ISCED 7,0
2048,1,Male,7,ISCED 8,0
2049,0,Female,1,ISCED 0-1,0.0157435462264865
2049,0,Female,2,ISCED 2,0.0465712231307062
2049,0,Female,3,ISCED 3,0.745568023808016
2049,0,Female,4,ISCED 5,0.0350513750323632
2049,0,Female,5,ISCED 6,0.157065831802428
2049,0,Female,6,ISCED 7,0
2049,0,Female,7,ISCED 8,0
2049,1,Male,1,ISCED 0-1,0.018735158044348
2049,1,Male,2,ISCED 2,0.0761239053170352
2049,1,Male,3,ISCED 3,0.777910828297306
2049,1,Male,4,ISCED 5,0.0368829769444363
2049,1,Male,5,ISCED 6,0.0903471313968751
2049,1,Male,6,ISCED 7,0
2049,1,Male,7,ISCED 8,0
2050,0,Female,1,ISCED 0-1,0.015687103076712
2050,0,Female,2,ISCED 2,0.0464042577923681
2050,0,Female,3,ISCED 3,0.744155365212162
2050,0,Female,4,ISCED 5,0.0353498719857752
2050,0,Female,5,ISCED 6,0.158403401932983
2050,0,Female,6,ISCED 7,0
2050,0,Female,7,ISCED 8,0
2050,1,Male,1,ISCED 0-1,0.0186037582939079
2050,1,Male,2,ISCED 2,0.075590007383668
2050,1,Male,3,ISCED 3,0.777114738222527
2050,1,Male,4,ISCED 5,0.0373066214080737
2050,1,Male,5,ISCED 6,0.0913848746918232
2050,1,Male,6,ISCED 7,0
2050,1,Male,7,ISCED 8,0
2051,0,Female,1,ISCED 0-1,0.0156360549604797
2051,0,Female,2,ISCED 2,0.0462532515846653
2051,0,Female,3,ISCED 3,0.742936242452785
2051,0,Female,4,ISCED 5,0.0356091627164456
2051,0,Female,5,ISCED 6,0.159565288285624
2051,0,Female,6,ISCED 7,0
2051,0,Female,7,ISCED 8,0
2051,1,Male,1,ISCED 0-1,0.0184932098059474
2051,1,Male,2,ISCED 2,0.0751408314220601
2051,1,Male,3,ISCED 3,0.776847327931594
2051,1,Male,4,ISCED 5,0.0375464010637038
2051,1,Male,5,ISCED 6,0.0919722297766945
2051,1,Male,6,ISCED 7,0
2051,1,Male,7,ISCED 8,0
2052,0,Female,1,ISCED 0-1,0.0155849635489909
2052,0,Female,2,ISCED 2,0.0461021173046068
2052,0,Female,3,ISCED 3,0.741716085723176
2052,0,Female,4,ISCED 5,0.0358686733584376
2052,0,Female,5,ISCED 6,0.160728160064788
2052,0,Female,6,ISCED 7,0
2052,0,Female,7,ISCED 8,0
2052,1,Male,1,ISCED 0-1,0.018382615241508
2052,1,Male,2,ISCED 2,0.0746914682444433
2052,1,Male,3,ISCED 3,0.776579806184369
2052,1,Male,4,ISCED 5,0.0377862806592104
2052,1,Male,5,ISCED 6,0.0925598296704697
2052,1,Male,6,ISCED 7,0
2052,1,Male,7,ISCED 8,0
2053,0,Female,1,ISCED 0-1,0.0155338287871424
2053,0,Female,2,ISCED 2,0.0459508547891911
2053,0,Female,3,ISCED 3,0.740494893707371
2053,0,Female,4,ISCED 5,0.0361284041916386
2053,0,Female,5,ISCED 6,0.161892018524657
2053,0,Female,6,ISCED 7,0
2053,0,Female,7,ISCED 8,0
2053,1,Male,1,ISCED 0-1,0.0182719745717768
2053,1,Male,2,ISCED 2,0.074241917733746
2053,1,Male,3,ISCED 3,0.776312172911154
2053,1,Male,4,ISCED 5,0.0380262602570888
2053,1,Male,5,ISCED 6,0.0931476745262348
2053,1,Male,6,ISCED 7,0
2053,1,Male,7,ISCED 8,0
2054,0,Female,1,ISCED 0-1,0.0154826506197376
2054,0,Female,2,ISCED 2,0.04579946387514
2054,0,Female,3,ISCED 3,0.73927266508717
2054,0,Female,4,ISCED 5,0.0363883554964115
2054,0,Female,5,ISCED 6,0.163056864921541
2054,0,Female,6,ISCED 7,0
2054,0,Female,7,ISCED 8,0
2054,1,Male,1,ISCED 0-1,0.0181612877679168
2054,1,Male,2,ISCED 2,0.0737921797727991
2054,1,Male,3,ISCED 3,0.776044428042194
2054,1,Male,4,ISCED 5,0.0382663399198864
2054,1,Male,5,ISCED 6,0.0937357644972035
2054,1,Male,6,ISCED 7,0
2054,1,Male,7,ISCED 8,0
2055,0,Female,1,ISCED 0-1,0.0154314289914859
2055,0,Female,2,ISCED 2,0.0456479443988982
2055,0,Female,3,ISCED 3,0.738049398542136
2055,0,Female,4,ISCED 5,0.0366485275535951
2055,0,Female,5,ISCED 6,0.164222700513885
2055,0,Female,6,ISCED 7,0
2055,0,Female,7,ISCED 8,0
2055,1,Male,1,ISCED 0-1,0.018050554801067
2055,1,Male,2,ISCED 2,0.0733422542443357
2055,1,Male,3,ISCED 3,0.775776571507677
2055,1,Male,4,ISCED 5,0.0385065197102028
2055,1,Male,5,ISCED 6,0.0943240997367173
2055,1,Male,6,ISCED 7,0
2055,1,Male,7,ISCED 8,0
2056,0,Female,1,ISCED 0-1,0.0153850874367294
2056,0,Female,2,ISCED 2,0.0455108607421578
2056,0,Female,3,ISCED 3,0.736931436825178
2056,0,Female,4,ISCED 5,0.0368859628257555
2056,0,Female,5,ISCED 6,0.16528665217018
2056,0,Female,6,ISCED 7,0
2056,0,Female,7,ISCED 8,0
2056,1,Male,1,ISCED 0-1,0.0179709951005677
2056,1,Male,2,ISCED 2,0.0730189906191488
2056,1,Male,3,ISCED 3,0.775209156303069
2056,1,Male,4,ISCED 5,0.038787783994341
2056,1,Male,5,ISCED 6,0.0950130739828734
2056,1,Male,6,ISCED 7,0
2056,1,Male,7,ISCED 8,0
2057,0,Female,1,ISCED 0-1,0.0153387116723288
2057,0,Female,2,ISCED 2,0.0453736758893496
2057,0,Female,3,ISCED 3,0.735812649821438
2057,0,Female,4,ISCED 5,0.0371235733742142
2057,0,Female,5,ISCED 6,0.166351389242669
2057,0,Female,6,ISCED 7,0
2057,0,Female,7,ISCED 8,0
2057,1,Male,1,ISCED 0-1,0.017891415558123
2057,1,Male,2,ISCED 2,0.0726956463730051
2057,1,Male,3,ISCED 3,0.774641599586849
2057,1,Male,4,ISCED 5,0.0390691184249292
2057,1,Male,5,ISCED 6,0.0957022200570937
2057,1,Male,6,ISCED 7,0
2057,1,Male,7,ISCED 8,0
2058,0,Female,1,ISCED 0-1,0.0152923016603893
2058,0,Female,2,ISCED 2,0.0452363897283767
2058,0,Female,3,ISCED 3,0.734693036616732
2058,0,Female,4,ISCED 5,0.037361359393128
2058,0,Female,5,ISCED 6,0.167416912601374
2058,0,Female,6,ISCED 7,0
2058,0,Female,7,ISCED 8,0
2058,1,Male,1,ISCED 0-1,0.0178118161663092
2058,1,Male,2,ISCED 2,0.0723722214757409
2058,1,Male,3,ISCED 3,0.774073901306072
2058,1,Male,4,ISCED 5,0.0393505230282121
2058,1,Male,5,ISCED 6,0.0963915380236663
2058,1,Male,6,ISCED 7,0
2058,1,Male,7,ISCED 8,0
2059,0,Female,1,ISCED 0-1,0.0152458573629602
2059,0,Female,2,ISCED 2,0.0450990021469767
2059,0,Female,3,ISCED 3,0.733572596295523
2059,0,Female,4,ISCED 5,0.0375993210769408
2059,0,Female,5,ISCED 6,0.168483223117599
2059,0,Female,6,ISCED 7,0
2059,0,Female,7,ISCED 8,0
2059,1,Male,1,ISCED 0-1,0.017732196917699
2059,1,Male,2,ISCED 2,0.0720487158971774
2059,1,Male,3,ISCED 3,0.773506061407765
2059,1,Male,4,ISCED 5,0.0396319978304475
2059,1,Male,5,ISCED 6,0.0970810279469115
2059,1,Male,6,ISCED 7,0
2059,1,Male,7,ISCED 8,0
2060,0,Female,1,ISCED 0-1,0.015199378742035
2060,0,Female,2,ISCED 2,0.0449615130327214
2060,0,Female,3,ISCED 3,0.732451327940922
2060,0,Female,4,ISCED 5,0.0378374586203836
2060,0,Female,5,ISCED 6,0.169550321663938
2060,0,Female,6,ISCED 7,0
2060,0,Female,7,ISCED 8,0
2060,1,Male,1,ISCED 0-1,0.0176525578048613
2060,1,Male,2,ISCED 2,0.0717251296071209
2060,1,Male,3,ISCED 3,0.77293807983893
2060,1,Male,4,ISCED 5,0.0399135428579064
2060,1,Male,5,ISCED 6,0.0977706898911814
2060,1,Male,6,ISCED 7,0
2060,1,Male,7,ISCED 8,0
2061,0,Female,1,ISCED 0-1,0.0151405517958951
2061,0,Female,2,ISCED 2,0.0447874961501611
2061,0,Female,3,ISCED 3,0.731568345319891
2061,0,Female,4,ISCED 5,0.0380410387785846
2061,0,Female,5,ISCED 6,0.170462567955468
2061,0,Female,6,ISCED 7,0
2061,0,Female,7,ISCED 8,0
2061,1,Male,1,ISCED 0-1,0.0175627406304067
2061,1,Male,2,ISCED 2,0.0713601882456525
2061,1,Male,3,ISCED 3,0.772110035008514
2061,1,Male,4,ISCED 5,0.0402854171540283
2061,1,Male,5,ISCED 6,0.0986816189613989
2061,1,Male,6,ISCED 7,0
2061,1,Male,7,ISCED 8,0
2062,0,Female,1,ISCED 0-1,0.0150816870152437
2062,0,Female,2,ISCED 2,0.0446133673487576
2062,0,Female,3,ISCED 3,0.730684794809169
2062,0,Female,4,ISCED 5,0.0382447498692301
2062,0,Female,5,ISCED 6,0.1713754009576
2062,0,Female,6,ISCED 7,0
2062,0,Female,7,ISCED 8,0
2062,1,Male,1,ISCED 0-1,0.0174728932991135
2062,1,Male,2,ISCED 2,0.0709951243521878
2062,1,Male,3,ISCED 3,0.771281712155388
2062,1,Male,4,ISCED 5,0.0406574163099351
2062,1,Male,5,ISCED 6,0.0995928538833758
2062,1,Male,6,ISCED 7,0
2062,1,Male,7,ISCED 8,0
2063,0,Female,1,ISCED 0-1,0.015022784363569
2063,0,Female,2,ISCED 2,0.0444391265205052
2063,0,Female,3,ISCED 3,0.729800675860724
2063,0,Female,4,ISCED 5,0.0384485920186744
2063,0,Female,5,ISCED 6,0.172288821236528
2063,0,Female,6,ISCED 7,0
2063,0,Female,7,ISCED 8,0
2063,1,Male,1,ISCED 0-1,0.0173830157957913
2063,1,Male,2,ISCED 2,0.0706299378650048
2063,1,Male,3,ISCED 3,0.770453111139506
2063,1,Male,4,ISCED 5,0.0410295403885214
2063,1,Male,5,ISCED 6,0.100504394811176
2063,1,Male,6,ISCED 7,0
2063,1,Male,7,ISCED 8,0
2064,0,Female,1,ISCED 0-1,0.0149638438043125
2064,0,Female,2,ISCED 2,0.0442647735572595
2064,0,Female,3,ISCED 3,0.728915987925816
2064,0,Female,4,ISCED 5,0.0386525653534346
2064,0,Female,5,ISCED 6,0.173202829359177
2064,0,Female,6,ISCED 7,0
2064,0,Female,7,ISCED 8,0
2064,1,Male,1,ISCED 0-1,0.0172931081052391
2064,1,Male,2,ISCED 2,0.07026462872234
2064,1,Male,3,ISCED 3,0.769624231820729
2064,1,Male,4,ISCED 5,0.0414017894527239
2064,1,Male,5,ISCED 6,0.101416241898968
2064,1,Male,6,ISCED 7,0
2064,1,Male,7,ISCED 8,0
2065,0,Female,1,ISCED 0-1,0.0149048653008684
2065,0,Female,2,ISCED 2,0.0440903083507366
2065,0,Female,3,ISCED 3,0.728030730455002
2065,0,Female,4,ISCED 5,0.0388566700001903
2065,0,Female,5,ISCED 6,0.174117425893203
2065,0,Female,6,ISCED 7,0
2065,0,Female,7,ISCED 8,0
2065,1,Male,1,ISCED 0-1,0.0172031702122458
2065,1,Male,2,ISCED 2,0.0698991968623884
2065,1,Male,3,ISCED 3,0.768795074058822
2065,1,Male,4,ISCED 5,0.0417741635655218
2065,1,Male,5,ISCED 6,0.102328395301022
2065,1,Male,6,ISCED 7,0
2065,1,Male,7,ISCED 8,0
2066,0,Female,1,ISCED 0-1,0.0148577815396132
2066,0,Female,2,ISCED 2,0.043951029161683
2066,0,Female,3,ISCED 3,0.727076498575001
2066,0,Female,4,ISCED 5,0.0390647690966526
2066,0,Female,5,ISCED 6,0.175049921627051
2066,0,Female,6,ISCED 7,0
2066,0,Female,7,ISCED 8,0
2066,1,Male,1,ISCED 0-1,0.0171396618034215
2066,1,Male,2,ISCED 2,0.0696411521696918
2066,1,Male,3,ISCED 3,0.768220917404229
2066,1,Male,4,ISCED 5,0.0420338225622353
2066,1,Male,5,ISCED 6,0.102964446060422
2066,1,Male,6,ISCED 7,0
2066,1,Male,7,ISCED 8,0
2067,0,Female,1,ISCED 0-1,0.0148106653548866
2067,0,Female,2,ISCED 2,0.0438116540602668
2067,0,Female,3,ISCED 3,0.726121609578637
2067,0,Female,4,ISCED 5,0.0392730114971945
2067,0,Female,5,ISCED 6,0.175983059509015
2067,0,Female,6,ISCED 7,0
2067,0,Female,7,ISCED 8,0
2067,1,Male,1,ISCED 0-1,0.0170761383660215
2067,1,Male,2,ISCED 2,0.0693830464135192
2067,1,Male,3,ISCED 3,0.767646624881695
2067,1,Male,4,ISCED 5,0.0422935430044324
2067,1,Male,5,ISCED 6,0.103600647334332
2067,1,Male,6,ISCED 7,0
2067,1,Male,7,ISCED 8,0
2068,0,Female,1,ISCED 0-1,0.0147635167131854
2068,0,Female,2,ISCED 2,0.0436721829473811
2068,0,Female,3,ISCED 3,0.725166062786908
2068,0,Female,4,ISCED 5,0.039481397349893
2068,0,Female,5,ISCED 6,0.176916840202632
2068,0,Female,6,ISCED 7,0
2068,0,Female,7,ISCED 8,0
2068,1,Male,1,ISCED 0-1,0.0170125998947106
2068,1,Male,2,ISCED 2,0.0691248795721928
2068,1,Male,3,ISCED 3,0.767072196442986
2068,1,Male,4,ISCED 5,0.0425533249139263
2068,1,Male,5,ISCED 6,0.104236999176184
2068,1,Male,6,ISCED 7,0
2068,1,Male,7,ISCED 8,0
2069,0,Female,1,ISCED 0-1,0.01471633558096
2069,0,Female,2,ISCED 2,0.0435326157237824
2069,0,Female,3,ISCED 3,0.724209857519875
2069,0,Female,4,ISCED 5,0.0396899268030294
2069,0,Female,5,ISCED 6,0.177851264372353
2069,0,Female,6,ISCED 7,0
2069,0,Female,7,ISCED 8,0
2069,1,Male,1,ISCED 0-1,0.0169490463841512
2069,1,Male,2,ISCED 2,0.068866651624025
2069,1,Male,3,ISCED 3,0.766497632039847
2069,1,Male,4,ISCED 5,0.0428131683125405
2069,1,Male,5,ISCED 6,0.104873501639436
2069,1,Male,6,ISCED 7,0
2069,1,Male,7,ISCED 8,0
2070,0,Female,1,ISCED 0-1,0.0146691219246146
2070,0,Female,2,ISCED 2,0.0433929522900905
2070,0,Female,3,ISCED 3,0.723252993096663
2070,0,Female,4,ISCED 5,0.0398986000050892
2070,0,Female,5,ISCED 6,0.178786332683543
2070,0,Female,6,ISCED 7,0
2070,0,Female,7,ISCED 8,0
2070,1,Male,1,ISCED 0-1,0.016885477829003
2070,1,Male,2,ISCED 2,0.0686083625473175
2070,1,Male,3,ISCED 3,0.765922931623998
2070,1,Male,4,ISCED 5,0.043073073222109
2070,1,Male,5,ISCED 6,0.105510154777572
2070,1,Male,6,ISCED 7,0
2070,1,Male,7,ISCED 8,0
2071,0,Female,1,ISCED 0-1,0.014643323475457
2071,0,Female,2,ISCED 2,0.0433166375059332
2071,0,Female,3,ISCED 3,0.722418479140844
2071,0,Female,4,ISCED 5,0.0400694856400239
2071,0,Female,5,ISCED 6,0.179552074237742
2071,0,Female,6,ISCED 7,0
2071,0,Female,7,ISCED 8,0
2071,1,Male,1,ISCED 0-1,0.0168430739092364
2071,1,Male,2,ISCED 2,0.06843606872595
2071,1,Male,3,ISCED 3,0.764769106903033
2071,1,Male,4,ISCED 5,0.0434697967891607
2071,1,Male,5,ISCED 6,0.10648195367262
2071,1,Male,6,ISCED 7,0
2071,1,Male,7,ISCED 8,0
2072,0,Female,1,ISCED 0-1,0.0146175135719928
2072,0,Female,2,ISCED 2,0.0432402888386174
2072,0,Female,3,ISCED 3,0.721583594667452
2072,0,Female,4,ISCED 5,0.0402404471468241
2072,0,Female,5,ISCED 6,0.180318155775113
2072,0,Female,6,ISCED 7,0
2072,0,Female,7,ISCED 8,0
2072,1,Male,1,ISCED 0-1,0.0168006633796318
2072,1,Male,2,ISCED 2,0.0682637480477674
2072,1,Male,3,ISCED 3,0.763615102326187
2072,1,Male,4,ISCED 5,0.0438665821966859
2072,1,Male,5,ISCED 6,0.107453904049728
2072,1,Male,6,ISCED 7,0
2072,1,Male,7,ISCED 8,0
2073,0,Female,1,ISCED 0-1,0.0145916922065917
2073,0,Female,2,ISCED 2,0.0431639062655724
2073,0,Female,3,ISCED 3,0.720748339429672
2073,0,Female,4,ISCED 5,0.040411484576031
2073,0,Female,5,ISCED 6,0.181084577522132
2073,0,Female,6,ISCED 7,0
2073,0,Female,7,ISCED 8,0
2073,1,Male,1,ISCED 0-1,0.0167582462386438
2073,1,Male,2,ISCED 2,0.0680914005064896
2073,1,Male,3,ISCED 3,0.762460917851401
2073,1,Male,4,ISCED 5,0.0442634294591451
2073,1,Male,5,ISCED 6,0.108426005944321
2073,1,Male,6,ISCED 7,0
2073,1,Male,7,ISCED 8,0
2074,0,Female,1,ISCED 0-1,0.0145658593716169
2074,0,Female,2,ISCED 2,0.0430874897642072
2074,0,Female,3,ISCED 3,0.71991271318047
2074,0,Female,4,ISCED 5,0.0405825979782303
2074,0,Female,5,ISCED 6,0.181851339705475
2074,0,Female,6,ISCED 7,0
2074,0,Female,7,ISCED 8,0
2074,1,Male,1,ISCED 0-1,0.0167158224847261
2074,1,Male,2,ISCED 2,0.0679190260958345
2074,1,Male,3,ISCED 3,0.761306553436607
2074,1,Male,4,ISCED 5,0.0446603385910033
2074,1,Male,5,ISCED 6,0.10939825939183
2074,1,Male,6,ISCED 7,0
2074,1,Male,7,ISCED 8,0
2075,0,Female,1,ISCED 0-1,0.0145400150594248
2075,0,Female,2,ISCED 2,0.0430110393119111
2075,0,Female,3,ISCED 3,0.719076715672592
2075,0,Female,4,ISCED 5,0.040753787404053
2075,0,Female,5,ISCED 6,0.182618442552019
2075,0,Female,6,ISCED 7,0
2075,0,Female,7,ISCED 8,0
2075,1,Male,1,ISCED 0-1,0.0166733921163322
2075,1,Male,2,ISCED 2,0.0677466248095183
2075,1,Male,3,ISCED 3,0.760152009039721
2075,1,Male,4,ISCED 5,0.0450573096067301
2075,1,Male,5,ISCED 6,0.110370664427699
2075,1,Male,6,ISCED 7,0
2075,1,Male,7,ISCED 8,0
2076,0,Female,1,ISCED 0-1,0.0145150135211807
2076,0,Female,2,ISCED 2,0.0429370818820267
2076,0,Female,3,ISCED 3,0.71824022851678
2076,0,Female,4,ISCED 5,0.0409244575561596
2076,0,Female,5,ISCED 6,0.183383218523853
2076,0,Female,6,ISCED 7,0
2076,0,Female,7,ISCED 8,0
2076,1,Male,1,ISCED 0-1,0.0166314990654473
2076,1,Male,2,ISCED 2,0.067576406729081
2076,1,Male,3,ISCED 3,0.759257081630992
2076,1,Male,4,ISCED 5,0.0453782311046492
2076,1,Male,5,ISCED 6,0.111156781469831
2076,1,Male,6,ISCED 7,0
2076,1,Male,7,ISCED 8,0
2077,0,Female,1,ISCED 0-1,0.0144899979249536
2077,0,Female,2,ISCED 2,0.0428630828670096
2077,0,Female,3,ISCED 3,0.717403271017023
2077,0,Female,4,ISCED 5,0.0410952236734847
2077,0,Female,5,ISCED 6,0.184148424517529
2077,0,Female,6,ISCED 7,0
2077,0,Female,7,ISCED 8,0
2077,1,Male,1,ISCED 0-1,0.0165895967407655
2077,1,Male,2,ISCED 2,0.067406150967742
2077,1,Male,3,ISCED 3,0.758361956113628
2077,1,Male,4,ISCED 5,0.0456992236444421
2077,1,Male,5,ISCED 6,0.111943072533423
2077,1,Male,6,ISCED 7,0
2077,1,Male,7,ISCED 8,0
2078,0,Female,1,ISCED 0-1,0.0144649682588835
2078,0,Female,2,ISCED 2,0.0427890422317759
2078,0,Female,3,ISCED 3,0.716565842776509
2078,0,Female,4,ISCED 5,0.0412660858369908
2078,0,Female,5,ISCED 6,0.184914060895841
2078,0,Female,6,ISCED 7,0
2078,0,Female,7,ISCED 8,0
2078,1,Male,1,ISCED 0-1,0.0165476851392068
2078,1,Male,2,ISCED 2,0.067235857512988
2078,1,Male,3,ISCED 3,0.757466632421838
2078,1,Male,4,ISCED 5,0.0460202872497011
2078,1,Male,5,ISCED 6,0.112729537676266
2078,1,Male,6,ISCED 7,0
2078,1,Male,7,ISCED 8,0
2079,0,Female,1,ISCED 0-1,0.0144399245110967
2079,0,Female,2,ISCED 2,0.0427149599412023
2079,0,Female,3,ISCED 3,0.715727943397978
2079,0,Female,4,ISCED 5,0.0414370441277312
2079,0,Female,5,ISCED 6,0.185680128021992
2079,0,Female,6,ISCED 7,0
2079,0,Female,7,ISCED 8,0
2079,1,Male,1,ISCED 0-1,0.0165057642576904
2079,1,Male,2,ISCED 2,0.0670655263523
2079,1,Male,3,ISCED 3,0.756571110489804
2079,1,Male,4,ISCED 5,0.046341421944029
2079,1,Male,5,ISCED 6,0.113516176956177
2079,1,Male,6,ISCED 7,0
2079,1,Male,7,ISCED 8,0
2080,0,Female,1,ISCED 0-1,0.0144148666697062
2080,0,Female,2,ISCED 2,0.0426408359601259
2080,0,Female,3,ISCED 3,0.714889572483725
2080,0,Female,4,ISCED 5,0.0416080986268509
2080,0,Female,5,ISCED 6,0.186446626259592
2080,0,Female,6,ISCED 7,0
2080,0,Female,7,ISCED 8,0
2080,1,Male,1,ISCED 0-1,0.0164638340931336
2080,1,Male,2,ISCED 2,0.0668951574731534
2080,1,Male,3,ISCED 3,0.755675390251678
2080,1,Male,4,ISCED 5,0.0466626277510388
2080,1,Male,5,ISCED 6,0.114302990430997
2080,1,Male,6,ISCED 7,0
2080,1,Male,7,ISCED 8,0
2081,0,Female,1,ISCED 0-1,0.0143946749220053
2081,0,Female,2,ISCED 2,0.0425811064446755
2081,0,Female,3,ISCED 3,0.714194842556638
2081,0,Female,4,ISCED 5,0.0417494320859182
2081,0,Female,5,ISCED 6,0.187079943990763
2081,0,Female,6,ISCED 7,0
2081,0,Female,7,ISCED 8,0
2081,1,Male,1,ISCED 0-1,0.0164376217857432
2081,1,Male,2,ISCED 2,0.0667886527294411
2081,1,Male,3,ISCED 3,0.754610935990351
2081,1,Male,4,ISCED 5,0.0470096780089573
2081,1,Male,5,ISCED 6,0.115153111485507
2081,1,Male,6,ISCED 7,0
2081,1,Male,7,ISCED 8,0
2082,0,Female,1,ISCED 0-1,0.014374474459614
2082,0,Female,2,ISCED 2,0.0425213511501673
2082,0,Female,3,ISCED 3,0.713499812786453
2082,0,Female,4,ISCED 5,0.0418908265440306
2082,0,Female,5,ISCED 6,0.187713535059735
2082,0,Female,6,ISCED 7,0
2082,0,Female,7,ISCED 8,0
2082,1,Male,1,ISCED 0-1,0.0164114058539888
2082,1,Male,2,ISCED 2,0.0666821332593652
2082,1,Male,3,ISCED 3,0.753546334547407
2082,1,Male,4,ISCED 5,0.047356776253361
2082,1,Male,5,ISCED 6,0.116003350085878
2082,1,Male,6,ISCED 7,0
2082,1,Male,7,ISCED 8,0
2083,0,Female,1,ISCED 0-1,0.0143542652768894
2083,0,Female,2,ISCED 2,0.0424615700599085
2083,0,Female,3,ISCED 3,0.712804482979012
2083,0,Female,4,ISCED 5,0.0420322820406873
2083,0,Female,5,ISCED 6,0.188347399643503
2083,0,Female,6,ISCED 7,0
2083,0,Female,7,ISCED 8,0
2083,1,Male,1,ISCED 0-1,0.0163851862971185
2083,1,Male,2,ISCED 2,0.0665755990598711
2083,1,Male,3,ISCED 3,0.752481585892315
2083,1,Male,4,ISCED 5,0.0477039224942032
2083,1,Male,5,ISCED 6,0.116853706256492
2083,1,Male,6,ISCED 7,0
2083,1,Male,7,ISCED 8,0
2084,0,Female,1,ISCED 0-1,0.0143340473681834
2084,0,Female,2,ISCED 2,0.0424017631571917
2084,0,Female,3,ISCED 3,0.712108852939986
2084,0,Female,4,ISCED 5,0.0421737986154213
2084,0,Female,5,ISCED 6,0.188981537919217
2084,0,Female,6,ISCED 7,0
2084,0,Female,7,ISCED 8,0
2084,1,Male,1,ISCED 0-1,0.0163589631143803
2084,1,Male,2,ISCED 2,0.0664690501279034
2084,1,Male,3,ISCED 3,0.751416689994541
2084,1,Male,4,ISCED 5,0.0480511167414399
2084,1,Male,5,ISCED 6,0.117704180021736
2084,1,Male,6,ISCED 7,0
2084,1,Male,7,ISCED 8,0
2085,0,Female,1,ISCED 0-1,0.0143138207278432
2085,0,Female,2,ISCED 2,0.0423419304252953
2085,0,Female,3,ISCED 3,0.711412922474883
2085,0,Female,4,ISCED 5,0.0423153763077999
2085,0,Female,5,ISCED 6,0.189615950064178
2085,0,Female,6,ISCED 7,0
2085,0,Female,7,ISCED 8,0
2085,1,Male,1,ISCED 0-1,0.0163327363050222
2085,1,Male,2,ISCED 2,0.0663624864604061
2085,1,Male,3,ISCED 3,0.750351646823537
2085,1,Male,4,ISCED 5,0.04839835900503
2085,1,Male,5,ISCED 6,0.118554771406005
2085,1,Male,6,ISCED 7,0
2085,1,Male,7,ISCED 8,0
2086,0,Female,1,ISCED 0-1,0.0142928398265282
2086,0,Female,2,ISCED 2,0.0422798665025574
2086,0,Female,3,ISCED 3,0.710913328187785
2086,0,Female,4,ISCED 5,0.0424216775721684
2086,0,Female,5,ISCED 6,0.190092287910961
2086,0,Female,6,ISCED 7,0
2086,0,Female,7,ISCED 8,0
2086,1,Male,1,ISCED 0-1,0.0163060583618695
2086,1,Male,2,ISCED 2,0.0662540897650698
2086,1,Male,3,ISCED 3,0.749618645853134
2086,1,Male,4,ISCED 5,0.048650007086496
2086,1,Male,5,ISCED 6,0.119171198933431
2086,1,Male,6,ISCED 7,0
2086,1,Male,7,ISCED 8,0
2087,0,Female,1,ISCED 0-1,0.0142718520500905
2087,0,Female,2,ISCED 2,0.0422177822424144
2087,0,Female,3,ISCED 3,0.710413570191225
2087,0,Female,4,ISCED 5,0.0425280136698471
2087,0,Female,5,ISCED 6,0.190568781846423
2087,0,Female,6,ISCED 7,0
2087,0,Female,7,ISCED 8,0
2087,1,Male,1,ISCED 0-1,0.0162793781932259
2087,1,Male,2,ISCED 2,0.0661456840272128
2087,1,Male,3,ISCED 3,0.748885583735327
2087,1,Male,4,ISCED 5,0.0489016761606038
2087,1,Male,5,ISCED 6,0.119787677883631
2087,1,Male,6,ISCED 7,0
2087,1,Male,7,ISCED 8,0
2088,0,Female,1,ISCED 0-1,0.0142508573951501
2088,0,Female,2,ISCED 2,0.0421556776348682
2088,0,Female,3,ISCED 3,0.709913648404722
2088,0,Female,4,ISCED 5,0.0426343846179605
2088,0,Female,5,ISCED 6,0.1910454319473
2088,0,Female,6,ISCED 7,0
2088,0,Female,7,ISCED 8,0
2088,1,Male,1,ISCED 0-1,0.016252695798813
2088,1,Male,2,ISCED 2,0.0660372692457035
2088,1,Male,3,ISCED 3,0.748152460462464
2088,1,Male,4,ISCED 5,0.0491533662299804
2088,1,Male,5,ISCED 6,0.120404208263039
2088,1,Male,6,ISCED 7,0
2088,1,Male,7,ISCED 8,0
2089,0,Female,1,ISCED 0-1,0.014229855858325
2089,0,Female,2,ISCED 2,0.0420935526699143
2089,0,Female,3,ISCED 3,0.709413562747742
2089,0,Female,4,ISCED 5,0.042740790433644
2089,0,Female,5,ISCED 6,0.191522238290375
2089,0,Female,6,ISCED 7,0
2089,0,Female,7,ISCED 8,0
2089,1,Male,1,ISCED 0-1,0.0162260111783522
2089,1,Male,2,ISCED 2,0.0659288454194102
2089,1,Male,3,ISCED 3,0.747419276026894
2089,1,Male,4,ISCED 5,0.049405077297253
2089,1,Male,5,ISCED 6,0.121020790078091
2089,1,Male,6,ISCED 7,0
2089,1,Male,7,ISCED 8,0
2090,0,Female,1,ISCED 0-1,0.0142088474362308
2090,0,Female,2,ISCED 2,0.0420314073375415
2090,0,Female,3,ISCED 3,0.708913313139699
2090,0,Female,4,ISCED 5,0.0428472311340445
2090,0,Female,5,ISCED 6,0.191999200952485
2090,0,Female,6,ISCED 7,0
2090,0,Female,7,ISCED 8,0
2090,1,Male,1,ISCED 0-1,0.016199324331565
2090,1,Male,2,ISCED 2,0.0658204125472009
2090,1,Male,3,ISCED 3,0.74668603042096
2090,1,Male,4,ISCED 5,0.0496568093650497
2090,1,Male,5,ISCED 6,0.121637423335225
2090,1,Male,6,ISCED 7,0
2090,1,Male,7,ISCED 8,0
2091,0,Female,1,ISCED 0-1,0.0141933728456669
2091,0,Female,2,ISCED 2,0.0419856317162399
2091,0,Female,3,ISCED 3,0.708461940348026
2091,0,Female,4,ISCED 5,0.0429407581087661
2091,0,Female,5,ISCED 6,0.192418296981301
2091,0,Female,6,ISCED 7,0
2091,0,Female,7,ISCED 8,0
2091,1,Male,1,ISCED 0-1,0.0161787681314533
2091,1,Male,2,ISCED 2,0.0657368894604313
2091,1,Male,3,ISCED 3,0.745512696876133
2091,1,Male,4,ISCED 5,0.0500271209888834
2091,1,Male,5,ISCED 6,0.122544524543099
2091,1,Male,6,ISCED 7,0
2091,1,Male,7,ISCED 8,0
2092,0,Female,1,ISCED 0-1,0.014177893824779
2092,0,Female,2,ISCED 2,0.0419398429895295
2092,0,Female,3,ISCED 3,0.708010438329819
2092,0,Female,4,ISCED 5,0.0430343118599508
2092,0,Female,5,ISCED 6,0.192837512995922
2092,0,Female,6,ISCED 7,0
2092,0,Female,7,ISCED 8,0
2092,1,Male,1,ISCED 0-1,0.0161582085389317
2092,1,Male,2,ISCED 2,0.0656533525897647
2092,1,Male,3,ISCED 3,0.744339169694919
2092,1,Male,4,ISCED 5,0.0503974937256081
2092,1,Male,5,ISCED 6,0.123451775450776
2092,1,Male,6,ISCED 7,0
2092,1,Male,7,ISCED 8,0
2093,0,Female,1,ISCED 0-1,0.0141624103716642
2093,0,Female,2,ISCED 2,0.0418940411517815
2093,0,Female,3,ISCED 3,0.707558807029572
2093,0,Female,4,ISCED 5,0.0431278923990992
2093,0,Female,5,ISCED 6,0.193256849047883
2093,0,Female,6,ISCED 7,0
2093,0,Female,7,ISCED 8,0
2093,1,Male,1,ISCED 0-1,0.0161376455531604
2093,1,Male,2,ISCED 2,0.0655698019317887
2093,1,Male,3,ISCED 3,0.743165448829381
2093,1,Male,4,ISCED 5,0.0507679275903531
2093,1,Male,5,ISCED 6,0.124359176095317
2093,1,Male,6,ISCED 7,0
2093,1,Male,7,ISCED 8,0
2094,0,Female,1,ISCED 0-1,0.0141469224844185
2094,0,Female,2,ISCED 2,0.0418482261973638
2094,0,Female,3,ISCED 3,0.707107046391751
2094,0,Female,4,ISCED 5,0.0432214997377187
2094,0,Female,5,ISCED 6,0.193676305188748
2094,0,Female,6,ISCED 7,0
2094,0,Female,7,ISCED 8,0
2094,1,Male,1,ISCED 0-1,0.0161170791732992
2094,1,Male,2,ISCED 2,0.0654862374830896
2094,1,Male,3,ISCED 3,0.741991534231564
2094,1,Male,4,ISCED 5,0.051138422598253
2094,1,Male,5,ISCED 6,0.125266726513795
2094,1,Male,6,ISCED 7,0
2094,1,Male,7,ISCED 8,0
2095,0,Female,1,ISCED 0-1,0.014131430161137
2095,0,Female,2,ISCED 2,0.0418023981206411
2095,0,Female,3,ISCED 3,0.706655156360789
2095,0,Female,4,ISCED 5,0.043315133887323
2095,0,Female,5,ISCED 6,0.19409588147011
2095,0,Female,6,ISCED 7,0
2095,0,Female,7,ISCED 8,0
2095,1,Male,1,ISCED 0-1,0.0160965093985078
2095,1,Male,2,ISCED 2,0.0654026592402528
2095,1,Male,3,ISCED 3,0.740817425853498
2095,1,Male,4,ISCED 5,0.0515089787644474
2095,1,Male,5,ISCED 6,0.126174426743294
2095,1,Male,6,ISCED 7,0
2095,1,Male,7,ISCED 8,0
2096,0,Female,1,ISCED 0-1,0.0141213131164143
2096,0,Female,2,ISCED 2,0.041772470737037
2096,0,Female,3,ISCED 3,0.706222660526474
2096,0,Female,4,ISCED 5,0.0434013478513746
2096,0,Female,5,ISCED 6,0.1944822077687
2096,0,Female,6,ISCED 7,0
2096,0,Female,7,ISCED 8,0
2096,1,Male,1,ISCED 0-1,0.0160757728907285
2096,1,Male,2,ISCED 2,0.0653184035349602
2096,1,Male,3,ISCED 3,0.740067031666225
2096,1,Male,4,ISCED 5,0.051756948347228
2096,1,Male,5,ISCED 6,0.126781843560859
2096,1,Male,6,ISCED 7,0
2096,1,Male,7,ISCED 8,0
2097,0,Female,1,ISCED 0-1,0.0141111938332975
2097,0,Female,2,ISCED 2,0.0417425367320058
2097,0,Female,3,ISCED 3,0.705790069002549
2097,0,Female,4,ISCED 5,0.0434875808902471
2097,0,Female,5,ISCED 6,0.1948686195419
2097,0,Female,6,ISCED 7,0
2097,0,Female,7,ISCED 8,0
2097,1,Male,1,ISCED 0-1,0.0160550333808511
2097,1,Male,2,ISCED 2,0.065234135631669
2097,1,Male,3,ISCED 3,0.739316528841711
2097,1,Male,4,ISCED 5,0.0520049538294484
2097,1,Male,5,ISCED 6,0.12738934831632
2097,1,Male,6,ISCED 7,0
2097,1,Male,7,ISCED 8,0
2098,0,Female,1,ISCED 0-1,0.0141010723110439
2098,0,Female,2,ISCED 2,0.0417125961033498
2098,0,Female,3,ISCED 3,0.705357381757255
2098,0,Female,4,ISCED 5,0.0435738330102716
2098,0,Female,5,ISCED 6,0.19525511681808
2098,0,Female,6,ISCED 7,0
2098,0,Female,7,ISCED 8,0
2098,1,Male,1,ISCED 0-1,0.0160342908682237
2098,1,Male,2,ISCED 2,0.0651498555277302
2098,1,Male,3,ISCED 3,0.738565917356365
2098,1,Male,4,ISCED 5,0.0522529952189051
2098,1,Male,5,ISCED 6,0.127996941028776
2098,1,Male,6,ISCED 7,0
2098,1,Male,7,ISCED 8,0
2099,0,Female,1,ISCED 0-1,0.0140909485489101
2099,0,Female,2,ISCED 2,0.0416826488488702
2099,0,Female,3,ISCED 3,0.704924598758815
2099,0,Female,4,ISCED 5,0.043660104217782
2099,0,Female,5,ISCED 6,0.195641699625622
2099,0,Female,6,ISCED 7,0
2099,0,Female,7,ISCED 8,0
2099,1,Male,1,ISCED 0-1,0.016013545352194
2099,1,Male,2,ISCED 2,0.0650655632204937
2099,1,Male,3,ISCED 3,0.737815197186586
2099,1,Male,4,ISCED 5,0.0525010725233969
2099,1,Male,5,ISCED 6,0.128604621717329
2099,1,Male,6,ISCED 7,0
2099,1,Male,7,ISCED 8,0
2100,0,Female,1,ISCED 0-1,0.0140808225461525
2100,0,Female,2,ISCED 2,0.0416526949663674
2100,0,Female,3,ISCED 3,0.704491719975443
2100,0,Female,4,ISCED 5,0.0437463945191151
2100,0,Female,5,ISCED 6,0.196028367992922
2100,0,Female,6,ISCED 7,0
2100,0,Female,7,ISCED 8,0
2100,1,Male,1,ISCED 0-1,0.0159927968321097
2100,1,Male,2,ISCED 2,0.064981258707309
2100,1,Male,3,ISCED 3,0.737064368308767
2100,1,Male,4,ISCED 5,0.0527491857507248
2100,1,Male,5,ISCED 6,0.12921239040109
2100,1,Male,6,ISCED 7,0
2100,1,Male,7,ISCED 8,0
2101,0,Female,1,ISCED 0-1,0.0140808225461525
2101,0,Female,2,ISCED 2,0.0416526949663674
2101,0,Female,3,ISCED 3,0.704491719975443
2101,0,Female,4,ISCED 5,0.0437463945191151
2101,0,Female,5,ISCED 6,0.196028367992922
2101,0,Female,6,ISCED 7,0
2101,0,Female,7,ISCED 8,0
2101,1,Male,1,ISCED 0-1,0.0159927968321097
2101,1,Male,2,ISCED 2,0.064981258707309
2101,1,Male,3,ISCED 3,0.737064368308767
2101,1,Male,4,ISCED 5,0.0527491857507248
2101,1,Male,5,ISCED 6,0.12921239040109
2101,1,Male,6,ISCED 7,0
2101,1,Male,7,ISCED 8,0
2102,0,Female,1,ISCED 0-1,0.0140808225461525
2102,0,Female,2,ISCED 2,0.0416526949663674
2102,0,Female,3,ISCED 3,0.704491719975443
2102,0,Female,4,ISCED 5,0.0437463945191151
2102,0,Female,5,ISCED 6,0.196028367992922
2102,0,Female,6,ISCED 7,0
2102,0,Female,7,ISCED 8,0
2102,1,Male,1,ISCED 0-1,0.0159927968321097
2102,1,Male,2,ISCED 2,0.064981258707309
2102,1,Male,3,ISCED 3,0.737064368308767
2102,1,Male,4,ISCED 5,0.0527491857507248
2102,1,Male,5,ISCED 6,0.12921239040109
2102,1,Male,6,ISCED 7,0
2102,1,Male,7,ISCED 8,0
2103,0,Female,1,ISCED 0-1,0.0140808225461525
2103,0,Female,2,ISCED 2,0.0416526949663674
2103,0,Female,3,ISCED 3,0.704491719975443
2103,0,Female,4,ISCED 5,0.0437463945191151
2103,0,Female,5,ISCED 6,0.196028367992922
2103,0,Female,6,ISCED 7,0
2103,0,Female,7,ISCED 8,0
2103,1,Male,1,ISCED 0-1,0.0159927968321097
2103,1,Male,2,ISCED 2,0.064981258707309
2103,1,Male,3,ISCED 3,0.737064368308767
2103,1,Male,4,ISCED 5,0.0527491857507248
2103,1,Male,5,ISCED 6,0.12921239040109
2103,1,Male,6,ISCED 7,0
2103,1,Male,7,ISCED 8,0
2104,0,Female,1,ISCED 0-1,0.0140808225461525
2104,0,Female,2,ISCED 2,0.0416526949663674
2104,0,Female,3,ISCED 3,0.704491719975443
2104,0,Female,4,ISCED 5,0.0437463945191151
2104,0,Female,5,ISCED 6,0.196028367992922
2104,0,Female,6,ISCED 7,0
2104,0,Female,7,ISCED 8,0
2104,1,Male,1,ISCED 0-1,0.0159927968321097
2104,1,Male,2,ISCED 2,0.064981258707309
2104,1,Male,3,ISCED 3,0.737064368308767
2104,1,Male,4,ISCED 5,0.0527491857507248
2104,1,Male,5,ISCED 6,0.12921239040109
2104,1,Male,6,ISCED 7,0
2104,1,Male,7,ISCED 8,0
2105,0,Female,1,ISCED 0-1,0.0140808225461525
2105,0,Female,2,ISCED 2,0.0416526949663674
2105,0,Female,3,ISCED 3,0.704491719975443
2105,0,Female,4,ISCED 5,0.0437463945191151
2105,0,Female,5,ISCED 6,0.196028367992922
2105,0,Female,6,ISCED 7,0
2105,0,Female,7,ISCED 8,0
2105,1,Male,1,ISCED 0-1,0.0159927968321097
2105,1,Male,2,ISCED 2,0.064981258707309
2105,1,Male,3,ISCED 3,0.737064368308767
2105,1,Male,4,ISCED 5,0.0527491857507248
2105,1,Male,5,ISCED 6,0.12921239040109
2105,1,Male,6,ISCED 7,0
2105,1,Male,7,ISCED 8,0
2106,0,Female,1,ISCED 0-1,0.0140808225461525
2106,0,Female,2,ISCED 2,0.0416526949663674
2106,0,Female,3,ISCED 3,0.704491719975443
2106,0,Female,4,ISCED 5,0.0437463945191151
2106,0,Female,5,ISCED 6,0.196028367992922
2106,0,Female,6,ISCED 7,0
2106,0,Female,7,ISCED 8,0
2106,1,Male,1,ISCED 0-1,0.0159927968321097
2106,1,Male,2,ISCED 2,0.064981258707309
2106,1,Male,3,ISCED 3,0.737064368308767
2106,1,Male,4,ISCED 5,0.0527491857507248
2106,1,Male,5,ISCED 6,0.12921239040109
2106,1,Male,6,ISCED 7,0
2106,1,Male,7,ISCED 8,0
2107,0,Female,1,ISCED 0-1,0.0140808225461525
2107,0,Female,2,ISCED 2,0.0416526949663674
2107,0,Female,3,ISCED 3,0.704491719975443
2107,0,Female,4,ISCED 5,0.0437463945191151
2107,0,Female,5,ISCED 6,0.196028367992922
2107,0,Female,6,ISCED 7,0
2107,0,Female,7,ISCED 8,0
2107,1,Male,1,ISCED 0-1,0.0159927968321097
2107,1,Male,2,ISCED 2,0.064981258707309
2107,1,Male,3,ISCED 3,0.737064368308767
2107,1,Male,4,ISCED 5,0.0527491857507248
2107,1,Male,5,ISCED 6,0.12921239040109
2107,1,Male,6,ISCED 7,0
2107,1,Male,7,ISCED 8,0
2108,0,Female,1,ISCED 0-1,0.0140808225461525
2108,0,Female,2,ISCED 2,0.0416526949663674
2108,0,Female,3,ISCED 3,0.704491719975443
2108,0,Female,4,ISCED 5,0.0437463945191151
2108,0,Female,5,ISCED 6,0.196028367992922
2108,0,Female,6,ISCED 7,0
2108,0,Female,7,ISCED 8,0
2108,1,Male,1,ISCED 0-1,0.0159927968321097
2108,1,Male,2,ISCED 2,0.064981258707309
2108,1,Male,3,ISCED 3,0.737064368308767
2108,1,Male,4,ISCED 5,0.0527491857507248
2108,1,Male,5,ISCED 6,0.12921239040109
2108,1,Male,6,ISCED 7,0
2108,1,Male,7,ISCED 8,0
2109,0,Female,1,ISCED 0-1,0.0140808225461525
2109,0,Female,2,ISCED 2,0.0416526949663674
2109,0,Female,3,ISCED 3,0.704491719975443
2109,0,Female,4,ISCED 5,0.0437463945191151
2109,0,Female,5,ISCED 6,0.196028367992922
2109,0,Female,6,ISCED 7,0
2109,0,Female,7,ISCED 8,0
2109,1,Male,1,ISCED 0-1,0.0159927968321097
2109,1,Male,2,ISCED 2,0.064981258707309
2109,1,Male,3,ISCED 3,0.737064368308767
2109,1,Male,4,ISCED 5,0.0527491857507248
2109,1,Male,5,ISCED 6,0.12921239040109
2109,1,Male,6,ISCED 7,0
2109,1,Male,7,ISCED 8,0
2110,0,Female,1,ISCED 0-1,0.0140808225461525
2110,0,Female,2,ISCED 2,0.0416526949663674
2110,0,Female,3,ISCED 3,0.704491719975443
2110,0,Female,4,ISCED 5,0.0437463945191151
2110,0,Female,5,ISCED 6,0.196028367992922
2110,0,Female,6,ISCED 7,0
2110,0,Female,7,ISCED 8,0
2110,1,Male,1,ISCED 0-1,0.0159927968321097
2110,1,Male,2,ISCED 2,0.064981258707309
2110,1,Male,3,ISCED 3,0.737064368308767
2110,1,Male,4,ISCED 5,0.0527491857507248
2110,1,Male,5,ISCED 6,0.12921239040109
2110,1,Male,6,ISCED 7,0
2110,1,Male,7,ISCED 8,0
