age,gender,sex,education_id,education,probability
22,0,Female,1,ISCED 0-1,0.0197171466914421
22,0,Female,2,ISCED 2,0.0583255909982451
22,0,Female,3,ISCED 3,0.772581810674099
22,0,Female,4,ISCED 5,0.027253232868579
22,0,Female,5,ISCED 6,0.122122218767634
22,0,Female,6,ISCED 7,0
22,0,Female,7,ISCED 8,0
22,1,Male,1,ISCED 0-1,0.0260488072388264
22,1,Male,2,ISCED 2,0.105840416780916
22,1,Male,3,ISCED 3,0.769673704414587
22,1,Male,4,ISCED 5,0.028536109010414
22,1,Male,5,ISCED 6,0.0699009625552564
22,1,Male,6,ISCED 7,0
22,1,Male,7,ISCED 8,0
23,0,Female,1,ISCED 0-1,0.023535457348407
23,0,Female,2,ISCED 2,0.0597122302158273
23,0,Female,3,ISCED 3,0.580472764645426
23,0,Female,4,ISCED 5,0.0611472252424328
23,0,Female,5,ISCED 6,0.274001798395799
23,0,Female,6,ISCED 7,0.00113052415210689
23,0,Female,7,ISCED 8,0
23,1,Male,1,ISCED 0-1,0.0337469868761718
23,1,Male,2,ISCED 2,0.0992768502812249
23,1,Male,3,ISCED 3,0.657262744397822
23,1,Male,4,ISCED 5,0.0604836491180803
23,1,Male,5,ISCED 6,0.148158436409998
23,1,Male,6,ISCED 7,0.00107133291670387
23,1,Male,7,ISCED 8,0
24,0,Female,1,ISCED 0-1,0.0255406595557295
24,0,Female,2,ISCED 2,0.0599863000293571
24,0,Female,3,ISCED 3,0.481847538898131
24,0,Female,4,ISCED 5,0.0759857257567208
24,0,Female,5,ISCED 6,0.340493381788049
24,0,Female,6,ISCED 7,0.0161463939720129
24,0,Female,7,ISCED 8,0
24,1,Male,1,ISCED 0-1,0.0313434110513281
24,1,Male,2,ISCED 2,0.105901443334187
24,1,Male,3,ISCED 3,0.612264070373217
24,1,Male,4,ISCED 5,0.0694710608552929
24,1,Male,5,ISCED 6,0.170173656883199
24,1,Male,6,ISCED 7,0.0108463575027756
24,1,Male,7,ISCED 8,0
25,0,Female,1,ISCED 0-1,0.0234885620915033
25,0,Female,2,ISCED 2,0.0578022875816994
25,0,Female,3,ISCED 3,0.431781045751634
25,0,Female,4,ISCED 5,0.0800449967256293
25,0,Female,5,ISCED 6,0.317830820267835
25,0,Female,6,ISCED 7,0.0886437908496732
25,0,Female,7,ISCED 8,0.000408496732026144
25,1,Male,1,ISCED 0-1,0.0264801618720859
25,1,Male,2,ISCED 2,0.103897246415061
25,1,Male,3,ISCED 3,0.589249582123691
25,1,Male,4,ISCED 5,0.0646987818390935
25,1,Male,5,ISCED 6,0.174590388566467
25,1,Male,6,ISCED 7,0.0410838391836017
25,1,Male,7,ISCED 8,0
26,0,Female,1,ISCED 0-1,0.0213063919175753
26,0,Female,2,ISCED 2,0.0541162348704611
26,0,Female,3,ISCED 3,0.411723517055116
26,0,Female,4,ISCED 5,0.0719839867409901
26,0,Female,5,ISCED 6,0.285823355461671
26,0,Female,6,ISCED 7,0.154746423927178
26,0,Female,7,ISCED 8,0.000300090027008102
26,1,Male,1,ISCED 0-1,0.0244915254237288
26,1,Male,2,ISCED 2,0.0961864406779661
26,1,Male,3,ISCED 3,0.589237288135594
26,1,Male,4,ISCED 5,0.0583377200074162
26,1,Male,5,ISCED 6,0.157424991856991
26,1,Male,6,ISCED 7,0.0738983050847458
26,1,Male,7,ISCED 8,0.000423728813559322
27,0,Female,1,ISCED 0-1,0.0205326876513318
27,0,Female,2,ISCED 2,0.054818401937046
27,0,Female,3,ISCED 3,0.420629539951574
27,0,Female,4,ISCED 5,0.0637738436585853
27,0,Female,5,ISCED 6,0.253223735033909
27,0,Female,6,ISCED 7,0.186246973365617
27,0,Female,7,ISCED 8,0.000774818401937046
27,1,Male,1,ISCED 0-1,0.025731667214732
27,1,Male,2,ISCED 2,0.0926504439329168
27,1,Male,3,ISCED 3,0.596760933903321
27,1,Male,4,ISCED 5,0.0534356518453864
27,1,Male,5,ISCED 6,0.144196705931661
27,1,Male,6,ISCED 7,0.0869779677737586
27,1,Male,7,ISCED 8,0.000246629398224268
28,0,Female,1,ISCED 0-1,0.0177118238391575
28,0,Female,2,ISCED 2,0.0593585447582575
28,0,Female,3,ISCED 3,0.405074198180948
28,0,Female,4,ISCED 5,0.0609417159088383
28,0,Female,5,ISCED 6,0.241978341534915
28,0,Female,6,ISCED 7,0.211871708951651
28,0,Female,7,ISCED 8,0.00306366682623265
28,1,Male,1,ISCED 0-1,0.0238321456848773
28,1,Male,2,ISCED 2,0.0941409342834521
28,1,Male,3,ISCED 3,0.593586698337291
28,1,Male,4,ISCED 5,0.0502224294025963
28,1,Male,5,ISCED 6,0.13552578912472
28,1,Male,6,ISCED 7,0.100633412509897
28,1,Male,7,ISCED 8,0.00205859065716548
29,0,Female,1,ISCED 0-1,0.0142897970848814
29,0,Female,2,ISCED 2,0.0603029436981995
29,0,Female,3,ISCED 3,0.400304849004477
29,0,Female,4,ISCED 5,0.0595665518560531
29,0,Female,5,ISCED 6,0.23651804374269
29,0,Female,6,ISCED 7,0.224635610174336
29,0,Female,7,ISCED 8,0.00438220443936363
29,1,Male,1,ISCED 0-1,0.0251199089504918
29,1,Male,2,ISCED 2,0.0907243313551744
29,1,Male,3,ISCED 3,0.604991464108609
29,1,Male,4,ISCED 5,0.0486862552650078
29,1,Male,5,ISCED 6,0.131380405982045
29,1,Male,6,ISCED 7,0.0949516299487847
29,1,Male,7,ISCED 8,0.004146004389887
30,0,Female,1,ISCED 0-1,0.014722430607652
30,0,Female,2,ISCED 2,0.0542948237059265
30,0,Female,3,ISCED 3,0.398162040510128
30,0,Female,4,ISCED 5,0.0622224700952916
30,0,Female,5,ISCED 6,0.225755774465848
30,0,Female,6,ISCED 7,0.238184546136534
30,0,Female,7,ISCED 8,0.00665791447861966
30,1,Male,1,ISCED 0-1,0.0237692369672065
30,1,Male,2,ISCED 2,0.0946740794456531
30,1,Male,3,ISCED 3,0.586254129401338
30,1,Male,4,ISCED 5,0.0534602397147812
30,1,Male,5,ISCED 6,0.129925466513565
30,1,Male,6,ISCED 7,0.10337603738619
30,1,Male,7,ISCED 8,0.00854081057126742
31,0,Female,1,ISCED 0-1,0.0127094709094332
31,0,Female,2,ISCED 2,0.0545095085671248
31,0,Female,3,ISCED 3,0.38570890604406
31,0,Female,4,ISCED 5,0.0632821581336796
31,0,Female,5,ISCED 6,0.229600538157037
31,0,Female,6,ISCED 7,0.244210129919036
31,0,Female,7,ISCED 8,0.00997928826962907
31,1,Male,1,ISCED 0-1,0.0211772284402931
31,1,Male,2,ISCED 2,0.0896207424108221
31,1,Male,3,ISCED 3,0.590546742893953
31,1,Male,4,ISCED 5,0.0539187465753493
31,1,Male,5,ISCED 6,0.131039784707363
31,1,Male,6,ISCED 7,0.105080924390048
31,1,Male,7,ISCED 8,0.00861583058217248
32,0,Female,1,ISCED 0-1,0.0134353424146296
32,0,Female,2,ISCED 2,0.0594327299869379
32,0,Female,3,ISCED 3,0.381041239037134
32,0,Female,4,ISCED 5,0.0611630862279731
32,0,Female,5,ISCED 6,0.221912114369153
32,0,Female,6,ISCED 7,0.25088635939541
32,0,Female,7,ISCED 8,0.0121291285687628
32,1,Male,1,ISCED 0-1,0.0192400579616809
32,1,Male,2,ISCED 2,0.0854934793109
32,1,Male,3,ISCED 3,0.590082112381259
32,1,Male,4,ISCED 5,0.0543516145773156
32,1,Male,5,ISCED 6,0.132091792281483
32,1,Male,6,ISCED 7,0.108517146997263
32,1,Male,7,ISCED 8,0.0102237964900982
33,0,Female,1,ISCED 0-1,0.0124045801526717
33,0,Female,2,ISCED 2,0.0507460097154754
33,0,Female,3,ISCED 3,0.383587786259542
33,0,Female,4,ISCED 5,0.0633505369256851
33,0,Female,5,ISCED 6,0.229848630319284
33,0,Female,6,ISCED 7,0.2455759888966
33,0,Female,7,ISCED 8,0.0144864677307425
33,1,Male,1,ISCED 0-1,0.0209085439229843
33,1,Male,2,ISCED 2,0.0774669073405535
33,1,Male,3,ISCED 3,0.599428399518653
33,1,Male,4,ISCED 5,0.0536072188690239
33,1,Male,5,ISCED 6,0.130282672827727
33,1,Male,6,ISCED 7,0.108754512635379
33,1,Male,7,ISCED 8,0.0095517448856799
34,0,Female,1,ISCED 0-1,0.0122833585731112
34,0,Female,2,ISCED 2,0.0459363957597173
34,0,Female,3,ISCED 3,0.392646811374727
34,0,Female,4,ISCED 5,0.0623513644564185
34,0,Female,5,ISCED 6,0.226223429418728
34,0,Female,6,ISCED 7,0.246929160356722
34,0,Female,7,ISCED 8,0.0136294800605755
34,1,Male,1,ISCED 0-1,0.0172145136157899
34,1,Male,2,ISCED 2,0.0690064554426059
34,1,Male,3,ISCED 3,0.610447428953031
34,1,Male,4,ISCED 5,0.0550070749403975
34,1,Male,5,ISCED 6,0.133684770425781
34,1,Male,6,ISCED 7,0.103509683163909
34,1,Male,7,ISCED 8,0.0111300734584848
35,0,Female,1,ISCED 0-1,0.0109468180704191
35,0,Female,2,ISCED 2,0.0480352912343763
35,0,Female,3,ISCED 3,0.391226207009232
35,0,Female,4,ISCED 5,0.077801186734431
35,0,Female,5,ISCED 6,0.205672385686123
35,0,Female,6,ISCED 7,0.24932603545462
35,0,Female,7,ISCED 8,0.0169920758107998
35,1,Male,1,ISCED 0-1,0.0180180180180181
35,1,Male,2,ISCED 2,0.0677449102645953
35,1,Male,3,ISCED 3,0.616230403631979
35,1,Male,4,ISCED 5,0.0598399702914238
35,1,Male,5,ISCED 6,0.119347090785401
35,1,Male,6,ISCED 7,0.106618429453075
35,1,Male,7,ISCED 8,0.0122011775555083
36,0,Female,1,ISCED 0-1,0.0117956423741548
36,0,Female,2,ISCED 2,0.0555972952667168
36,0,Female,3,ISCED 3,0.381743050338092
36,0,Female,4,ISCED 5,0.0749342754066725
36,0,Female,5,ISCED 6,0.19809352324096
36,0,Female,6,ISCED 7,0.260706235912847
36,0,Female,7,ISCED 8,0.017129977460556
36,1,Male,1,ISCED 0-1,0.0154302670623146
36,1,Male,2,ISCED 2,0.0778107484338938
36,1,Male,3,ISCED 3,0.604286185295088
36,1,Male,4,ISCED 5,0.0578718904097386
36,1,Male,5,ISCED 6,0.115421878136255
36,1,Male,6,ISCED 7,0.116320474777448
36,1,Male,7,ISCED 8,0.0128585558852621
37,0,Female,1,ISCED 0-1,0.0127256584788399
37,0,Female,2,ISCED 2,0.0531222255105061
37,0,Female,3,ISCED 3,0.377404557561409
37,0,Female,4,ISCED 5,0.0719849489635366
37,0,Female,5,ISCED 6,0.190296791196274
37,0,Female,6,ISCED 7,0.276339153595738
37,0,Female,7,ISCED 8,0.0181266646936964
37,1,Male,1,ISCED 0-1,0.0149087817955927
37,1,Male,2,ISCED 2,0.079513502909828
37,1,Male,3,ISCED 3,0.603478715752305
37,1,Male,4,ISCED 5,0.0554658599656216
37,1,Male,5,ISCED 6,0.110623200388789
37,1,Male,6,ISCED 7,0.119793369515465
37,1,Male,7,ISCED 8,0.0162165696723991
38,0,Female,1,ISCED 0-1,0.0125526157546602
38,0,Female,2,ISCED 2,0.0504359591100421
38,0,Female,3,ISCED 3,0.380562236921227
38,0,Female,4,ISCED 5,0.0685728853261818
38,0,Female,5,ISCED 6,0.181276783946217
38,0,Female,6,ISCED 7,0.28540288634997
38,0,Female,7,ISCED 8,0.0211966325917017
38,1,Male,1,ISCED 0-1,0.0144618460513162
38,1,Male,2,ISCED 2,0.0795068310563146
38,1,Male,3,ISCED 3,0.616727757414196
38,1,Male,4,ISCED 5,0.0532365494000309
38,1,Male,5,ISCED 6,0.106176979423694
38,1,Male,6,ISCED 7,0.113962012662446
38,1,Male,7,ISCED 8,0.0159280239920027
39,0,Female,1,ISCED 0-1,0.0125018066194537
39,0,Female,2,ISCED 2,0.0524642289348172
39,0,Female,3,ISCED 3,0.392542274895216
39,0,Female,4,ISCED 5,0.062673998231889
39,0,Female,5,ISCED 6,0.165682700713045
39,0,Female,6,ISCED 7,0.287324757912993
39,0,Female,7,ISCED 8,0.0268102326925856
39,1,Male,1,ISCED 0-1,0.0128454651615415
39,1,Male,2,ISCED 2,0.0744777475022707
39,1,Male,3,ISCED 3,0.61307901907357
39,1,Male,4,ISCED 5,0.050805673763324
39,1,Male,5,ISCED 6,0.101328749488265
39,1,Male,6,ISCED 7,0.130011677695601
39,1,Male,7,ISCED 8,0.0174516673154275
40,0,Female,1,ISCED 0-1,0.0121951219512195
40,0,Female,2,ISCED 2,0.0522345974904836
40,0,Female,3,ISCED 3,0.385097983927817
40,0,Female,4,ISCED 5,0.0745895749758625
40,0,Female,5,ISCED 6,0.148729190003695
40,0,Female,6,ISCED 7,0.294163259551671
40,0,Female,7,ISCED 8,0.0329902720992528
40,1,Male,1,ISCED 0-1,0.0133197374290995
40,1,Male,2,ISCED 2,0.0773054617296539
40,1,Male,3,ISCED 3,0.612516729335288
40,1,Male,4,ISCED 5,0.0590856525257336
40,1,Male,5,ISCED 6,0.0894071140283424
40,1,Male,6,ISCED 7,0.127589063794532
40,1,Male,7,ISCED 8,0.0207762411573514
41,0,Female,1,ISCED 0-1,0.0117069751139152
41,0,Female,2,ISCED 2,0.0509638976515948
41,0,Female,3,ISCED 3,0.393831055029793
41,0,Female,4,ISCED 5,0.0751833104697732
41,0,Female,5,ISCED 6,0.149913079295387
41,0,Female,6,ISCED 7,0.283000350508237
41,0,Female,7,ISCED 8,0.0354013319313004
41,1,Male,1,ISCED 0-1,0.0146939792042837
41,1,Male,2,ISCED 2,0.0790735321586452
41,1,Male,3,ISCED 3,0.611232177323952
41,1,Male,4,ISCED 5,0.0568821546983517
41,1,Male,5,ISCED 6,0.0860728294246793
41,1,Male,6,ISCED 7,0.12738932818629
41,1,Male,7,ISCED 8,0.024655999003798
42,0,Female,1,ISCED 0-1,0.0103297304692844
42,0,Female,2,ISCED 2,0.0551375017102203
42,0,Female,3,ISCED 3,0.399097003694077
42,0,Female,4,ISCED 5,0.0708315346411923
42,0,Female,5,ISCED 6,0.141235779628886
42,0,Female,6,ISCED 7,0.281912710357094
42,0,Female,7,ISCED 8,0.0414557394992475
42,1,Male,1,ISCED 0-1,0.0130213021302131
42,1,Male,2,ISCED 2,0.0744674467446745
42,1,Male,3,ISCED 3,0.616861686168617
42,1,Male,4,ISCED 5,0.0551070577483639
42,1,Male,5,ISCED 6,0.0833867916365751
42,1,Male,6,ISCED 7,0.131233123312331
42,1,Male,7,ISCED 8,0.0259225922592259
43,0,Female,1,ISCED 0-1,0.0114187080926774
43,0,Female,2,ISCED 2,0.0567616012746465
43,0,Female,3,ISCED 3,0.399787558919206
43,0,Female,4,ISCED 5,0.0695594208905091
43,0,Female,5,ISCED 6,0.138699226125358
43,0,Female,6,ISCED 7,0.276704507734183
43,0,Female,7,ISCED 8,0.0470689769634203
43,1,Male,1,ISCED 0-1,0.0137902944256953
43,1,Male,2,ISCED 2,0.0774467589898755
43,1,Male,3,ISCED 3,0.61619923193297
43,1,Male,4,ISCED 5,0.0557748909767134
43,1,Male,5,ISCED 6,0.0843973422363666
43,1,Male,6,ISCED 7,0.126032817409519
43,1,Male,7,ISCED 8,0.0263586640288607
44,0,Female,1,ISCED 0-1,0.0110663340369731
44,0,Female,2,ISCED 2,0.0576984583893047
44,0,Female,3,ISCED 3,0.417386298215314
44,0,Female,4,ISCED 5,0.0705271138089549
44,0,Female,5,ISCED 6,0.140628774376294
44,0,Female,6,ISCED 7,0.25644470031344
44,0,Female,7,ISCED 8,0.0462483208597198
44,1,Male,1,ISCED 0-1,0.012372802960222
44,1,Male,2,ISCED 2,0.0771854764107308
44,1,Male,3,ISCED 3,0.616616558741906
44,1,Male,4,ISCED 5,0.0547760178386836
44,1,Male,5,ISCED 6,0.0828858693028524
44,1,Male,6,ISCED 7,0.125751618871415
44,1,Male,7,ISCED 8,0.0304116558741906
45,0,Female,1,ISCED 0-1,0.011690589075794
45,0,Female,2,ISCED 2,0.0664415145807625
45,0,Female,3,ISCED 3,0.427226083003182
45,0,Female,4,ISCED 5,0.0805655169051322
45,0,Female,5,ISCED 6,0.116745647607435
45,0,Female,6,ISCED 7,0.248944599597324
45,0,Female,7,ISCED 8,0.0483860492303696
45,1,Male,1,ISCED 0-1,0.0141546823689276
45,1,Male,2,ISCED 2,0.0795493149133734
45,1,Male,3,ISCED 3,0.620258181406409
45,1,Male,4,ISCED 5,0.0657040962046169
45,1,Male,5,ISCED 6,0.0725588411750682
45,1,Male,6,ISCED 7,0.117823576038954
45,1,Male,7,ISCED 8,0.0299513078926509
46,0,Female,1,ISCED 0-1,0.0108831049629581
46,0,Female,2,ISCED 2,0.0668065298629778
46,0,Female,3,ISCED 3,0.438339998688783
46,0,Female,4,ISCED 5,0.0779531444801436
46,0,Female,5,ISCED 6,0.112960118484519
46,0,Female,6,ISCED 7,0.244542057300203
46,0,Female,7,ISCED 8,0.0485150462204157
46,1,Male,1,ISCED 0-1,0.0136798122603171
46,1,Male,2,ISCED 2,0.0847118081392021
46,1,Male,3,ISCED 3,0.613530994218991
46,1,Male,4,ISCED 5,0.0630495998242895
46,1,Male,5,ISCED 6,0.0696274077883255
46,1,Male,6,ISCED 7,0.120657088890161
46,1,Male,7,ISCED 8,0.0347432888787133
47,0,Female,1,ISCED 0-1,0.0137022397891963
47,0,Female,2,ISCED 2,0.074703557312253
47,0,Female,3,ISCED 3,0.440909090909091
47,0,Female,4,ISCED 5,0.0758264706909513
47,0,Female,5,ISCED 6,0.109878404144359
47,0,Female,6,ISCED 7,0.229841897233202
47,0,Female,7,ISCED 8,0.0551383399209486
47,1,Male,1,ISCED 0-1,0.0152177715585097
47,1,Male,2,ISCED 2,0.0900239053116436
47,1,Male,3,ISCED 3,0.611218004781062
47,1,Male,4,ISCED 5,0.0619539525531318
47,1,Male,5,ISCED 6,0.0684174543619173
47,1,Male,6,ISCED 7,0.119993003323421
47,1,Male,7,ISCED 8,0.0331759081103143
48,0,Female,1,ISCED 0-1,0.0111507582515611
48,0,Female,2,ISCED 2,0.0863387281763732
48,0,Female,3,ISCED 3,0.453740282910667
48,0,Female,4,ISCED 5,0.0716779363132791
48,0,Female,5,ISCED 6,0.103866857875583
48,0,Female,6,ISCED 7,0.220530138906589
48,0,Female,7,ISCED 8,0.0526952975659488
48,1,Male,1,ISCED 0-1,0.0143214763928509
48,1,Male,2,ISCED 2,0.0909355533562322
48,1,Male,3,ISCED 3,0.624556092449206
48,1,Male,4,ISCED 5,0.0595639349565514
48,1,Male,5,ISCED 6,0.0657780921727497
48,1,Male,6,ISCED 7,0.112068463643244
48,1,Male,7,ISCED 8,0.0327763870291669
49,0,Female,1,ISCED 0-1,0.011868074224641
49,0,Female,2,ISCED 2,0.0866828404694774
49,0,Female,3,ISCED 3,0.464887548357485
49,0,Female,4,ISCED 5,0.0705739820975493
49,0,Female,5,ISCED 6,0.102267143074571
49,0,Female,6,ISCED 7,0.212838502393286
49,0,Female,7,ISCED 8,0.0508819093829913
49,1,Male,1,ISCED 0-1,0.016421154310553
49,1,Male,2,ISCED 2,0.094542381067375
49,1,Male,3,ISCED 3,0.626358367544071
49,1,Male,4,ISCED 5,0.056059084895691
49,1,Male,5,ISCED 6,0.061907589820561
49,1,Male,6,ISCED 7,0.108427915962328
49,1,Male,7,ISCED 8,0.0362835063994204
50,0,Female,1,ISCED 0-1,0.011373035566584
50,0,Female,2,ISCED 2,0.100220567962503
50,0,Female,3,ISCED 3,0.472360077198788
50,0,Female,4,ISCED 5,0.0954833473177389
50,0,Female,5,ISCED 6,0.0644284254972601
50,0,Female,6,ISCED 7,0.208712434518886
50,0,Female,7,ISCED 8,0.047422111938241
50,1,Male,1,ISCED 0-1,0.0134145591040552
50,1,Male,2,ISCED 2,0.101286074703095
50,1,Male,3,ISCED 3,0.625192295858716
50,1,Male,4,ISCED 5,0.0707945913245575
50,1,Male,5,ISCED 6,0.0394140112229785
50,1,Male,6,ISCED 7,0.113839148360101
50,1,Male,7,ISCED 8,0.0360593194264968
51,0,Female,1,ISCED 0-1,0.0101922946252633
51,0,Female,2,ISCED 2,0.11109601141537
51,0,Female,3,ISCED 3,0.475776313107291
51,0,Female,4,ISCED 5,0.0949388058951492
51,0,Female,5,ISCED 6,0.0640609902589589
51,0,Female,6,ISCED 7,0.200108717809336
51,0,Female,7,ISCED 8,0.0438268668886322
51,1,Male,1,ISCED 0-1,0.0174263565891473
51,1,Male,2,ISCED 2,0.101333333333333
51,1,Male,3,ISCED 3,0.632434108527131
51,1,Male,4,ISCED 5,0.0705510402071627
51,1,Male,5,ISCED 6,0.0392784171571783
51,1,Male,6,ISCED 7,0.104682170542636
51,1,Male,7,ISCED 8,0.0342945736434109
52,0,Female,1,ISCED 0-1,0.0110299186543499
52,0,Female,2,ISCED 2,0.125878946642769
52,0,Female,3,ISCED 3,0.468082172893976
52,0,Female,4,ISCED 5,0.0933149106357302
52,0,Female,5,ISCED 6,0.0629652492980909
52,0,Female,6,ISCED 7,0.192747828484765
52,0,Female,7,ISCED 8,0.0459809733903213
52,1,Male,1,ISCED 0-1,0.0168426344896933
52,1,Male,2,ISCED 2,0.116515837104072
52,1,Male,3,ISCED 3,0.626508295625943
52,1,Male,4,ISCED 5,0.0709706338714073
52,1,Male,5,ISCED 6,0.0395120207288947
52,1,Male,6,ISCED 7,0.0984791352438411
52,1,Male,7,ISCED 8,0.0311714429361488
53,0,Female,1,ISCED 0-1,0.0113090189426067
53,0,Female,2,ISCED 2,0.14001979078315
53,0,Female,3,ISCED 3,0.473353124116483
53,0,Female,4,ISCED 5,0.0906116817106996
53,0,Female,5,ISCED 6,0.0611412162254044
53,0,Female,6,ISCED 7,0.180873621713316
53,0,Female,7,ISCED 8,0.0426915465083404
53,1,Male,1,ISCED 0-1,0.0147668393782383
53,1,Male,2,ISCED 2,0.123186528497409
53,1,Male,3,ISCED 3,0.621373056994819
53,1,Male,4,ISCED 5,0.0694374277162319
53,1,Male,5,ISCED 6,0.0386584272060481
53,1,Male,6,ISCED 7,0.0992875647668394
53,1,Male,7,ISCED 8,0.0332901554404145
54,0,Female,1,ISCED 0-1,0.0112075198843095
54,0,Female,2,ISCED 2,0.144323933477947
54,0,Female,3,ISCED 3,0.479754157628344
54,0,Female,4,ISCED 5,0.093774517511527
54,0,Female,5,ISCED 6,0.063275374028603
54,0,Female,6,ISCED 7,0.171728127259581
54,0,Female,7,ISCED 8,0.0359363702096891
54,1,Male,1,ISCED 0-1,0.0142542349538631
54,1,Male,2,ISCED 2,0.125258228894092
54,1,Male,3,ISCED 3,0.632282054813387
54,1,Male,4,ISCED 5,0.067634087729959
54,1,Male,5,ISCED 6,0.037654440021039
54,1,Male,6,ISCED 7,0.0933067070651425
54,1,Male,7,ISCED 8,0.0296102465225176
55,0,Female,1,ISCED 0-1,0.0116651255423572
55,0,Female,2,ISCED 2,0.168290774592788
55,0,Female,3,ISCED 3,0.48637883206487
55,0,Female,4,ISCED 5,0.0939209882783762
55,0,Female,5,ISCED 6,0.0485500267298038
55,0,Female,6,ISCED 7,0.154634042250516
55,0,Female,7,ISCED 8,0.0365602105412903
55,1,Male,1,ISCED 0-1,0.017002688172043
55,1,Male,2,ISCED 2,0.136088709677419
55,1,Male,3,ISCED 3,0.629569892473118
55,1,Male,4,ISCED 5,0.0607980785253477
55,1,Male,5,ISCED 6,0.0387314913671255
55,1,Male,6,ISCED 7,0.0897177419354839
55,1,Male,7,ISCED 8,0.0280913978494624
56,0,Female,1,ISCED 0-1,0.0109506870335496
56,0,Female,2,ISCED 2,0.173467252563298
56,0,Female,3,ISCED 3,0.50728883308921
56,0,Female,4,ISCED 5,0.0922377666483678
56,0,Female,5,ISCED 6,0.0476799288248832
56,0,Female,6,ISCED 7,0.138173955499756
56,0,Female,7,ISCED 8,0.030201576340936
56,1,Male,1,ISCED 0-1,0.0130632710958633
56,1,Male,2,ISCED 2,0.135844824173649
56,1,Male,3,ISCED 3,0.63825295243122
56,1,Male,4,ISCED 5,0.059686970274934
56,1,Male,5,ISCED 6,0.0380236584774577
56,1,Male,6,ISCED 7,0.0867585933891931
56,1,Male,7,ISCED 8,0.0283697301576829
57,0,Female,1,ISCED 0-1,0.012339976243896
57,0,Female,2,ISCED 2,0.167744489903656
57,0,Female,3,ISCED 3,0.518081034710308
57,0,Female,4,ISCED 5,0.0968788711138148
57,0,Female,5,ISCED 6,0.0500790277907652
57,0,Female,6,ISCED 7,0.127359113105451
57,0,Female,7,ISCED 8,0.0275174871321103
57,1,Male,1,ISCED 0-1,0.014284769525825
57,1,Male,2,ISCED 2,0.131142120230144
57,1,Male,3,ISCED 3,0.655313801997223
57,1,Male,4,ISCED 5,0.0554661153488665
57,1,Male,5,ISCED 6,0.0353347576092713
57,1,Male,6,ISCED 7,0.0827987566959857
57,1,Male,7,ISCED 8,0.0256596785926857
58,0,Female,1,ISCED 0-1,0.0118181818181818
58,0,Female,2,ISCED 2,0.174155844155844
58,0,Female,3,ISCED 3,0.528181818181818
58,0,Female,4,ISCED 5,0.0944323772230532
58,0,Female,5,ISCED 6,0.0488143760236998
58,0,Female,6,ISCED 7,0.115454545454545
58,0,Female,7,ISCED 8,0.0271428571428571
58,1,Male,1,ISCED 0-1,0.0129329379849852
58,1,Male,2,ISCED 2,0.128319979811999
58,1,Male,3,ISCED 3,0.656740899627784
58,1,Male,4,ISCED 5,0.0555322207634384
58,1,Male,5,ISCED 6,0.0353768701456526
58,1,Male,6,ISCED 7,0.0842218156583181
58,1,Male,7,ISCED 8,0.0268752760078229
59,0,Female,1,ISCED 0-1,0.0104247104247104
59,0,Female,2,ISCED 2,0.159330759330759
59,0,Female,3,ISCED 3,0.548262548262548
59,0,Female,4,ISCED 5,0.0954481772181754
59,0,Female,5,ISCED 6,0.0493394675694696
59,0,Female,6,ISCED 7,0.112934362934363
59,0,Female,7,ISCED 8,0.0242599742599743
59,1,Male,1,ISCED 0-1,0.0127915240002584
59,1,Male,2,ISCED 2,0.120679630467084
59,1,Male,3,ISCED 3,0.680276503650107
59,1,Male,4,ISCED 5,0.0524468980774408
59,1,Male,5,ISCED 6,0.0334113615000514
59,1,Male,6,ISCED 7,0.0728083209509658
59,1,Male,7,ISCED 8,0.0275857613540926
60,0,Female,1,ISCED 0-1,0.0111148309340475
60,0,Female,2,ISCED 2,0.169534650150653
60,0,Female,3,ISCED 3,0.550585872112488
60,0,Female,4,ISCED 5,0.0979136373799371
60,0,Female,5,ISCED 6,0.0372052109628819
60,0,Female,6,ISCED 7,0.106126548376297
60,0,Female,7,ISCED 8,0.027519250083696
60,1,Male,1,ISCED 0-1,0.0128256782164921
60,1,Male,2,ISCED 2,0.122884770346495
60,1,Male,3,ISCED 3,0.678149341928552
60,1,Male,4,ISCED 5,0.0572256031637777
60,1,Male,5,ISCED 6,0.0275850334196228
60,1,Male,6,ISCED 7,0.0760811173784582
60,1,Male,7,ISCED 8,0.0252484555466022
61,0,Female,1,ISCED 0-1,0.0122297297297298
61,0,Female,2,ISCED 2,0.179054054054054
61,0,Female,3,ISCED 3,0.545608108108108
61,0,Female,4,ISCED 5,0.0995901720483174
61,0,Female,5,ISCED 6,0.0378422603841146
61,0,Female,6,ISCED 7,0.101689189189189
61,0,Female,7,ISCED 8,0.0239864864864865
61,1,Male,1,ISCED 0-1,0.0133986261307216
61,1,Male,2,ISCED 2,0.126504794939808
61,1,Male,3,ISCED 3,0.675304359654492
61,1,Male,4,ISCED 5,0.0569974851995723
61,1,Male,5,ISCED 6,0.0274750714215254
61,1,Male,6,ISCED 7,0.0737264503842753
61,1,Male,7,ISCED 8,0.0265932122696048
62,0,Female,1,ISCED 0-1,0.0144927536231884
62,0,Female,2,ISCED 2,0.196335794366967
62,0,Female,3,ISCED 3,0.532813781788352
62,0,Female,4,ISCED 5,0.0963027210526249
62,0,Female,5,ISCED 6,0.0365930951901971
62,0,Female,6,ISCED 7,0.0979628110473065
62,0,Female,7,ISCED 8,0.0254990429313645
62,1,Male,1,ISCED 0-1,0.0154582763337893
62,1,Male,2,ISCED 2,0.13406292749658
62,1,Male,3,ISCED 3,0.656976744186046
62,1,Male,4,ISCED 5,0.05381349931055
62,1,Male,5,ISCED 6,0.0259402626593543
62,1,Male,6,ISCED 7,0.0836525307797538
62,1,Male,7,ISCED 8,0.0300957592339261
63,0,Female,1,ISCED 0-1,0.0191903437987387
63,0,Female,2,ISCED 2,0.203973689563979
63,0,Female,3,ISCED 3,0.520309215433648
63,0,Female,4,ISCED 5,0.0963118312608356
63,0,Female,5,ISCED 6,0.0365965568859064
63,0,Female,6,ISCED 7,0.101173119956601
63,0,Female,7,ISCED 8,0.0224452431002916
63,1,Male,1,ISCED 0-1,0.0168267545397181
63,1,Male,2,ISCED 2,0.136156488817219
63,1,Male,3,ISCED 3,0.657365210684989
63,1,Male,4,ISCED 5,0.0524166105028211
63,1,Male,5,ISCED 6,0.0252669062888777
63,1,Male,6,ISCED 7,0.0849751104255767
63,1,Male,7,ISCED 8,0.0269929187407979
64,0,Female,1,ISCED 0-1,0.0214972005253335
64,0,Female,2,ISCED 2,0.218635515310707
64,0,Female,3,ISCED 3,0.519734568327918
64,0,Female,4,ISCED 5,0.0902116197828828
64,0,Female,5,ISCED 6,0.0342785993364922
64,0,Female,6,ISCED 7,0.094560033178959
64,0,Female,7,ISCED 8,0.0210824635377065
64,1,Male,1,ISCED 0-1,0.0215707564241766
64,1,Male,2,ISCED 2,0.142164314151285
64,1,Male,3,ISCED 3,0.644589214621788
64,1,Male,4,ISCED 5,0.0549467094216872
64,1,Male,5,ISCED 6,0.0264865153340131
64,1,Male,6,ISCED 7,0.0841114730365545
64,1,Male,7,ISCED 8,0.0261310170104958
65,0,Female,1,ISCED 0-1,0.0253843403646764
65,0,Female,2,ISCED 2,0.246263854129424
65,0,Female,3,ISCED 3,0.513550232391848
65,0,Female,4,ISCED 5,0.0908810536833455
65,0,Female,5,ISCED 6,0.0213820853942375
65,0,Female,6,ISCED 7,0.0823024669288524
65,0,Female,7,ISCED 8,0.0202359671076153
65,1,Male,1,ISCED 0-1,0.0272626523827115
65,1,Male,2,ISCED 2,0.150646472109346
65,1,Male,3,ISCED 3,0.631695603989656
65,1,Male,4,ISCED 5,0.0568169030343442
65,1,Male,5,ISCED 6,0.0210552801943222
65,1,Male,6,ISCED 7,0.0902105652013299
65,1,Male,7,ISCED 8,0.0223125230882896
66,0,Female,1,ISCED 0-1,0.0308026030368764
66,0,Female,2,ISCED 2,0.263991323210412
66,0,Female,3,ISCED 3,0.495589298626175
66,0,Female,4,ISCED 5,0.0869241485833881
66,0,Female,5,ISCED 6,0.0204511225662869
66,0,Female,6,ISCED 7,0.0854663774403471
66,0,Female,7,ISCED 8,0.0167751265365148
66,1,Male,1,ISCED 0-1,0.0326382592928377
66,1,Male,2,ISCED 2,0.158658204895739
66,1,Male,3,ISCED 3,0.625566636446056
66,1,Male,4,ISCED 5,0.0571632884615282
66,1,Male,5,ISCED 6,0.0211836441465105
66,1,Male,6,ISCED 7,0.0849954669084315
66,1,Male,7,ISCED 8,0.019794499848897
67,0,Female,1,ISCED 0-1,0.0327318506084767
67,0,Female,2,ISCED 2,0.276751993285774
67,0,Female,3,ISCED 3,0.501328857182823
67,0,Female,4,ISCED 5,0.0772847009164601
67,0,Female,5,ISCED 6,0.018183196691597
67,0,Female,6,ISCED 7,0.0791719121555462
67,0,Female,7,ISCED 8,0.014547489159323
67,1,Male,1,ISCED 0-1,0.0339022140221402
67,1,Male,2,ISCED 2,0.161592865928659
67,1,Male,3,ISCED 3,0.625307503075031
67,1,Male,4,ISCED 5,0.0502565518856434
67,1,Male,5,ISCED 6,0.0186241369212447
67,1,Male,6,ISCED 7,0.0894065190651907
67,1,Male,7,ISCED 8,0.020910209102091
68,0,Female,1,ISCED 0-1,0.0367560041768186
68,0,Female,2,ISCED 2,0.286390532544379
68,0,Female,3,ISCED 3,0.488061260006962
68,0,Female,4,ISCED 5,0.0744446271675475
68,0,Female,5,ISCED 6,0.0175149969187734
68,0,Female,6,ISCED 7,0.0818656456665507
68,0,Female,7,ISCED 8,0.0149669335189697
68,1,Male,1,ISCED 0-1,0.035724873999407
68,1,Male,2,ISCED 2,0.17439964423362
68,1,Male,3,ISCED 3,0.619997035280166
68,1,Male,4,ISCED 5,0.0492648598087736
68,1,Male,5,ISCED 6,0.0182566344100227
68,1,Male,6,ISCED 7,0.0820486214052772
68,1,Male,7,ISCED 8,0.0203083308627335
69,0,Female,1,ISCED 0-1,0.0379988678177187
69,0,Female,2,ISCED 2,0.307458250778375
69,0,Female,3,ISCED 3,0.477568638550807
69,0,Female,4,ISCED 5,0.0715475853763796
69,0,Female,5,ISCED 6,0.0168333939612938
69,0,Female,6,ISCED 7,0.0749363147466742
69,0,Female,7,ISCED 8,0.0136569487687518
69,1,Male,1,ISCED 0-1,0.0372527977924268
69,1,Male,2,ISCED 2,0.187337114824467
69,1,Male,3,ISCED 3,0.607925801011804
69,1,Male,4,ISCED 5,0.0479849581618313
69,1,Male,5,ISCED 6,0.017782326829737
69,1,Male,6,ISCED 7,0.0814042618427104
69,1,Male,7,ISCED 8,0.0203127395370228
70,0,Female,1,ISCED 0-1,0.0363294253871761
70,0,Female,2,ISCED 2,0.335649153278333
70,0,Female,3,ISCED 3,0.459690259082356
70,0,Female,4,ISCED 5,0.0722113518570789
70,0,Female,5,ISCED 6,0.0118094905224261
70,0,Female,6,ISCED 7,0.0729483282674772
70,0,Female,7,ISCED 8,0.0113619916051527
70,1,Male,1,ISCED 0-1,0.041800128122998
70,1,Male,2,ISCED 2,0.1944266495836
70,1,Male,3,ISCED 3,0.610986547085202
70,1,Male,4,ISCED 5,0.041855782585298
70,1,Male,5,ISCED 6,0.0157194896760729
70,1,Male,6,ISCED 7,0.0782351057014734
70,1,Male,7,ISCED 8,0.0169762972453555
71,0,Female,1,ISCED 0-1,0.0405683993520836
71,0,Female,2,ISCED 2,0.34854955087616
71,0,Female,3,ISCED 3,0.449860108967751
71,0,Female,4,ISCED 5,0.0682139940140973
71,0,Female,5,ISCED 6,0.0111557600721934
71,0,Female,6,ISCED 7,0.0707554115741423
71,0,Female,7,ISCED 8,0.0108967751435724
71,1,Male,1,ISCED 0-1,0.0400289948453608
71,1,Male,2,ISCED 2,0.196842783505155
71,1,Male,3,ISCED 3,0.600273840206185
71,1,Male,4,ISCED 5,0.0451431791278931
71,1,Male,5,ISCED 6,0.0169541146865399
71,1,Male,6,ISCED 7,0.0840045103092784
71,1,Male,7,ISCED 8,0.0167525773195876
72,0,Female,1,ISCED 0-1,0.038560606060606
72,0,Female,2,ISCED 2,0.360909090909091
72,0,Female,3,ISCED 3,0.437348484848485
72,0,Female,4,ISCED 5,0.0743550751230388
72,0,Female,5,ISCED 6,0.0121600763921127
72,0,Female,6,ISCED 7,0.0678787878787879
72,0,Female,7,ISCED 8,0.00878787878787879
72,1,Male,1,ISCED 0-1,0.0411943833530705
72,1,Male,2,ISCED 2,0.205464388428354
72,1,Male,3,ISCED 3,0.591016748435121
72,1,Male,4,ISCED 5,0.0450746627212052
72,1,Male,5,ISCED 6,0.0169283824488168
72,1,Male,6,ISCED 7,0.082727118930807
72,1,Male,7,ISCED 8,0.0175943156826256
73,0,Female,1,ISCED 0-1,0.0390791867731983
73,0,Female,2,ISCED 2,0.354323233921367
73,0,Female,3,ISCED 3,0.441578989004034
73,0,Female,4,ISCED 5,0.0711162253173916
73,0,Female,5,ISCED 6,0.0116303928299069
73,0,Female,6,ISCED 7,0.0704058223241832
73,0,Female,7,ISCED 8,0.0118661498299185
73,1,Male,1,ISCED 0-1,0.0370404411764706
73,1,Male,2,ISCED 2,0.197794117647059
73,1,Male,3,ISCED 3,0.589797794117647
73,1,Male,4,ISCED 5,0.0474404630584878
73,1,Male,5,ISCED 6,0.0178168898826887
73,1,Male,6,ISCED 7,0.0903492647058824
73,1,Male,7,ISCED 8,0.0197610294117647
74,0,Female,1,ISCED 0-1,0.0446286260758687
74,0,Female,2,ISCED 2,0.355833598979917
74,0,Female,3,ISCED 3,0.439910742747848
74,0,Female,4,ISCED 5,0.0722597398433754
74,0,Female,5,ISCED 6,0.0118174039245557
74,0,Female,6,ISCED 7,0.066783551163532
74,0,Female,7,ISCED 8,0.00876633726490277
74,1,Male,1,ISCED 0-1,0.0365899307505147
74,1,Male,2,ISCED 2,0.189593861126708
74,1,Male,3,ISCED 3,0.594984091334456
74,1,Male,4,ISCED 5,0.0480296030454354
74,1,Male,5,ISCED 6,0.0180381491537037
74,1,Male,6,ISCED 7,0.0900243309002433
74,1,Male,7,ISCED 8,0.0227400336889388
75,0,Female,1,ISCED 0-1,0.0488429606076665
75,0,Female,2,ISCED 2,0.361243596537714
75,0,Female,3,ISCED 3,0.44453276806218
75,0,Female,4,ISCED 5,0.0752437890041411
75,0,Female,5,ISCED 6,0.00460076142864453
75,0,Female,6,ISCED 7,0.0566154389683802
75,0,Female,7,ISCED 8,0.00892068539127363
75,1,Male,1,ISCED 0-1,0.0330036439354503
75,1,Male,2,ISCED 2,0.186257157730349
75,1,Male,3,ISCED 3,0.593649141072358
75,1,Male,4,ISCED 5,0.0566594162711558
75,1,Male,5,ISCED 6,0.0178850917975584
75,1,Male,6,ISCED 7,0.0916189484643415
75,1,Male,7,ISCED 8,0.0209266007287871
76,0,Female,1,ISCED 0-1,0.0506552653592341
76,0,Female,2,ISCED 2,0.377823217771168
76,0,Female,3,ISCED 3,0.423459429314992
76,0,Female,4,ISCED 5,0.0742761392479957
76,0,Female,5,ISCED 6,0.00454159474215209
76,0,Female,6,ISCED 7,0.0581838460823497
76,0,Female,7,ISCED 8,0.011060507482108
76,1,Male,1,ISCED 0-1,0.0362718089990817
76,1,Male,2,ISCED 2,0.187786960514233
76,1,Male,3,ISCED 3,0.586662075298439
76,1,Male,4,ISCED 5,0.0553130789776804
76,1,Male,5,ISCED 6,0.0174601074318697
76,1,Male,6,ISCED 7,0.0940082644628099
76,1,Male,7,ISCED 8,0.0224977043158861
77,0,Female,1,ISCED 0-1,0.0549655850540806
77,0,Female,2,ISCED 2,0.359095378564405
77,0,Female,3,ISCED 3,0.437463126843658
77,0,Female,4,ISCED 5,0.0761686470732304
77,0,Female,5,ISCED 6,0.0046573116288345
77,0,Female,6,ISCED 7,0.056243854473943
77,0,Female,7,ISCED 8,0.0114060963618486
77,1,Male,1,ISCED 0-1,0.0390943956451812
77,1,Male,2,ISCED 2,0.184584931337375
77,1,Male,3,ISCED 3,0.57849808239515
77,1,Male,4,ISCED 5,0.0570785004709626
77,1,Male,5,ISCED 6,0.0180173797715216
77,1,Male,6,ISCED 7,0.0972411233452926
77,1,Male,7,ISCED 8,0.0254855870345169
78,0,Female,1,ISCED 0-1,0.0523998711478579
78,0,Female,2,ISCED 2,0.365832706968753
78,0,Female,3,ISCED 3,0.434983356598303
78,0,Female,4,ISCED 5,0.0784219210189447
78,0,Female,5,ISCED 6,0.00479508746382125
78,0,Female,6,ISCED 7,0.0554064211317513
78,0,Female,7,ISCED 8,0.00816063567056802
78,1,Male,1,ISCED 0-1,0.0404304828388598
78,1,Male,2,ISCED 2,0.169720767888307
78,1,Male,3,ISCED 3,0.587550901687027
78,1,Male,4,ISCED 5,0.0585863503532568
78,1,Male,5,ISCED 6,0.0184933471452889
78,1,Male,6,ISCED 7,0.0981675392670157
78,1,Male,7,ISCED 8,0.0270506108202443
79,0,Female,1,ISCED 0-1,0.0652106567534077
79,0,Female,2,ISCED 2,0.372366790582404
79,0,Female,3,ISCED 3,0.435718711276332
79,0,Female,4,ISCED 5,0.0709411336927737
79,0,Female,5,ISCED 6,0.00433767671614816
79,0,Female,6,ISCED 7,0.0446096654275093
79,0,Female,7,ISCED 8,0.00681536555142503
79,1,Male,1,ISCED 0-1,0.0426778242677824
79,1,Male,2,ISCED 2,0.159205020920502
79,1,Male,3,ISCED 3,0.609414225941423
79,1,Male,4,ISCED 5,0.0591522796047943
79,1,Male,5,ISCED 6,0.0186719881776326
79,1,Male,6,ISCED 7,0.0920502092050209
79,1,Male,7,ISCED 8,0.0188284518828452
80,0,Female,1,ISCED 0-1,0.070995223957661
80,0,Female,2,ISCED 2,0.377952755905512
80,0,Female,3,ISCED 3,0.429843810507294
80,0,Female,4,ISCED 5,0.068849442179774
80,0,Female,5,ISCED 6,0.00434017960930574
80,0,Female,6,ISCED 7,0.0425971343745966
80,0,Female,7,ISCED 8,0.00542145346585775
80,1,Male,1,ISCED 0-1,0.0433357611070648
80,1,Male,2,ISCED 2,0.157865986890022
80,1,Male,3,ISCED 3,0.600873998543336
80,1,Male,4,ISCED 5,0.0663649922869679
80,1,Male,5,ISCED 6,0.0133873747924203
80,1,Male,6,ISCED 7,0.0972323379461034
80,1,Male,7,ISCED 8,0.0209395484340859
81,0,Female,1,ISCED 0-1,0.0733554188357785
81,0,Female,2,ISCED 2,0.394936109796498
81,0,Female,3,ISCED 3,0.411263606247042
81,0,Female,4,ISCED 5,0.0704522949563771
81,0,Female,5,ISCED 6,0.0044412213711194
81,0,Female,6,ISCED 7,0.0403454803596782
81,0,Female,7,ISCED 8,0.00520586843350686
81,1,Male,1,ISCED 0-1,0.0445938771898779
81,1,Male,2,ISCED 2,0.162272164218722
81,1,Male,3,ISCED 3,0.601486462572997
81,1,Male,4,ISCED 5,0.0681790821066675
81,1,Male,5,ISCED 6,0.0137533192382272
81,1,Male,6,ISCED 7,0.0872411962484516
81,1,Male,7,ISCED 8,0.0224738984250575
82,0,Female,1,ISCED 0-1,0.0742793791574279
82,0,Female,2,ISCED 2,0.411924119241192
82,0,Female,3,ISCED 3,0.400960827790096
82,0,Female,4,ISCED 5,0.0618789781183067
82,0,Female,5,ISCED 6,0.00390077058827135
82,0,Female,6,ISCED 7,0.0411431387041143
82,0,Female,7,ISCED 8,0.00591278640059128
82,1,Male,1,ISCED 0-1,0.0412390371337936
82,1,Male,2,ISCED 2,0.159171487217765
82,1,Male,3,ISCED 3,0.597686135473036
82,1,Male,4,ISCED 5,0.0723598446773928
82,1,Male,5,ISCED 6,0.0145966770617376
82,1,Male,6,ISCED 7,0.094980406792312
82,1,Male,7,ISCED 8,0.0199664116439634
83,0,Female,1,ISCED 0-1,0.0885659446120099
83,0,Female,2,ISCED 2,0.445297504798465
83,0,Female,3,ISCED 3,0.360570331779545
83,0,Female,4,ISCED 5,0.0541669589989447
83,0,Female,5,ISCED 6,0.00341461489740848
83,0,Female,6,ISCED 7,0.0438716753496024
83,0,Female,7,ISCED 8,0.00411296956402523
83,1,Male,1,ISCED 0-1,0.0515138772077376
83,1,Male,2,ISCED 2,0.175357443229605
83,1,Male,3,ISCED 3,0.576534903280067
83,1,Male,4,ISCED 5,0.0638625836907815
83,1,Male,5,ISCED 6,0.0128825803125827
83,1,Male,6,ISCED 7,0.097771236333053
83,1,Male,7,ISCED 8,0.0220773759461733
84,0,Female,1,ISCED 0-1,0.0962952284849358
84,0,Female,2,ISCED 2,0.453798471961943
84,0,Female,3,ISCED 3,0.348421507856423
84,0,Female,4,ISCED 5,0.0507166817009292
84,0,Female,5,ISCED 6,0.00319711388794211
84,0,Female,6,ISCED 7,0.0409398875594637
84,0,Female,7,ISCED 8,0.00663110854836385
84,1,Male,1,ISCED 0-1,0.0567748091603054
84,1,Male,2,ISCED 2,0.176765267175573
84,1,Male,3,ISCED 3,0.577051526717558
84,1,Male,4,ISCED 5,0.0637205073059627
84,1,Male,5,ISCED 6,0.0128539201749533
84,1,Male,6,ISCED 7,0.0885019083969466
84,1,Male,7,ISCED 8,0.0243320610687023
85,0,Female,1,ISCED 0-1,0.154350488724513
85,0,Female,2,ISCED 2,0.434592569466126
85,0,Female,3,ISCED 3,0.332476764571676
85,0,Female,4,ISCED 5,0.0396259987110174
85,0,Female,5,ISCED 6,0.00249797160527261
85,0,Female,6,ISCED 7,0.0324455438411105
85,0,Female,7,ISCED 8,0.00401066308028531
85,1,Male,1,ISCED 0-1,0.0757377221028356
85,1,Male,2,ISCED 2,0.176738822789454
85,1,Male,3,ISCED 3,0.549976413858168
85,1,Male,4,ISCED 5,0.0581829434035266
85,1,Male,5,ISCED 6,0.0117368637142469
85,1,Male,6,ISCED 7,0.103412128518266
85,1,Male,7,ISCED 8,0.0242151056135018
86,0,Female,1,ISCED 0-1,0.154350488724513
86,0,Female,2,ISCED 2,0.434592569466126
86,0,Female,3,ISCED 3,0.332476764571676
86,0,Female,4,ISCED 5,0.0396259987110174
86,0,Female,5,ISCED 6,0.00249797160527261
86,0,Female,6,ISCED 7,0.0324455438411105
86,0,Female,7,ISCED 8,0.00401066308028531
86,1,Male,1,ISCED 0-1,0.0757377221028356
86,1,Male,2,ISCED 2,0.176738822789454
86,1,Male,3,ISCED 3,0.549976413858168
86,1,Male,4,ISCED 5,0.0581829434035266
86,1,Male,5,ISCED 6,0.0117368637142469
86,1,Male,6,ISCED 7,0.103412128518266
86,1,Male,7,ISCED 8,0.0242151056135018
87,0,Female,1,ISCED 0-1,0.154350488724513
87,0,Female,2,ISCED 2,0.434592569466126
87,0,Female,3,ISCED 3,0.332476764571676
87,0,Female,4,ISCED 5,0.0396259987110174
87,0,Female,5,ISCED 6,0.00249797160527261
87,0,Female,6,ISCED 7,0.0324455438411105
87,0,Female,7,ISCED 8,0.00401066308028531
87,1,Male,1,ISCED 0-1,0.0757377221028356
87,1,Male,2,ISCED 2,0.176738822789454
87,1,Male,3,ISCED 3,0.549976413858168
87,1,Male,4,ISCED 5,0.0581829434035266
87,1,Male,5,ISCED 6,0.0117368637142469
87,1,Male,6,ISCED 7,0.103412128518266
87,1,Male,7,ISCED 8,0.0242151056135018
88,0,Female,1,ISCED 0-1,0.154350488724513
88,0,Female,2,ISCED 2,0.434592569466126
88,0,Female,3,ISCED 3,0.332476764571676
88,0,Female,4,ISCED 5,0.0396259987110174
88,0,Female,5,ISCED 6,0.00249797160527261
88,0,Female,6,ISCED 7,0.0324455438411105
88,0,Female,7,ISCED 8,0.00401066308028531
88,1,Male,1,ISCED 0-1,0.0757377221028356
88,1,Male,2,ISCED 2,0.176738822789454
88,1,Male,3,ISCED 3,0.549976413858168
88,1,Male,4,ISCED 5,0.0581829434035266
88,1,Male,5,ISCED 6,0.0117368637142469
88,1,Male,6,ISCED 7,0.103412128518266
88,1,Male,7,ISCED 8,0.0242151056135018
89,0,Female,1,ISCED 0-1,0.154350488724513
89,0,Female,2,ISCED 2,0.434592569466126
89,0,Female,3,ISCED 3,0.332476764571676
89,0,Female,4,ISCED 5,0.0396259987110174
89,0,Female,5,ISCED 6,0.00249797160527261
89,0,Female,6,ISCED 7,0.0324455438411105
89,0,Female,7,ISCED 8,0.00401066308028531
89,1,Male,1,ISCED 0-1,0.0757377221028356
89,1,Male,2,ISCED 2,0.176738822789454
89,1,Male,3,ISCED 3,0.549976413858168
89,1,Male,4,ISCED 5,0.0581829434035266
89,1,Male,5,ISCED 6,0.0117368637142469
89,1,Male,6,ISCED 7,0.103412128518266
89,1,Male,7,ISCED 8,0.0242151056135018
90,0,Female,1,ISCED 0-1,0.154350488724513
90,0,Female,2,ISCED 2,0.434592569466126
90,0,Female,3,ISCED 3,0.332476764571676
90,0,Female,4,ISCED 5,0.0396259987110174
90,0,Female,5,ISCED 6,0.00249797160527261
90,0,Female,6,ISCED 7,0.0324455438411105
90,0,Female,7,ISCED 8,0.00401066308028531
90,1,Male,1,ISCED 0-1,0.0757377221028356
90,1,Male,2,ISCED 2,0.176738822789454
90,1,Male,3,ISCED 3,0.549976413858168
90,1,Male,4,ISCED 5,0.0581829434035266
90,1,Male,5,ISCED 6,0.0117368637142469
90,1,Male,6,ISCED 7,0.103412128518266
90,1,Male,7,ISCED 8,0.0242151056135018
91,0,Female,1,ISCED 0-1,0.154350488724513
91,0,Female,2,ISCED 2,0.434592569466126
91,0,Female,3,ISCED 3,0.332476764571676
91,0,Female,4,ISCED 5,0.0396259987110174
91,0,Female,5,ISCED 6,0.00249797160527261
91,0,Female,6,ISCED 7,0.0324455438411105
91,0,Female,7,ISCED 8,0.00401066308028531
91,1,Male,1,ISCED 0-1,0.0757377221028356
91,1,Male,2,ISCED 2,0.176738822789454
91,1,Male,3,ISCED 3,0.549976413858168
91,1,Male,4,ISCED 5,0.0581829434035266
91,1,Male,5,ISCED 6,0.0117368637142469
91,1,Male,6,ISCED 7,0.103412128518266
91,1,Male,7,ISCED 8,0.0242151056135018
92,0,Female,1,ISCED 0-1,0.154350488724513
92,0,Female,2,ISCED 2,0.434592569466126
92,0,Female,3,ISCED 3,0.332476764571676
92,0,Female,4,ISCED 5,0.0396259987110174
92,0,Female,5,ISCED 6,0.00249797160527261
92,0,Female,6,ISCED 7,0.0324455438411105
92,0,Female,7,ISCED 8,0.00401066308028531
92,1,Male,1,ISCED 0-1,0.0757377221028356
92,1,Male,2,ISCED 2,0.176738822789454
92,1,Male,3,ISCED 3,0.549976413858168
92,1,Male,4,ISCED 5,0.0581829434035266
92,1,Male,5,ISCED 6,0.0117368637142469
92,1,Male,6,ISCED 7,0.103412128518266
92,1,Male,7,ISCED 8,0.0242151056135018
93,0,Female,1,ISCED 0-1,0.154350488724513
93,0,Female,2,ISCED 2,0.434592569466126
93,0,Female,3,ISCED 3,0.332476764571676
93,0,Female,4,ISCED 5,0.0396259987110174
93,0,Female,5,ISCED 6,0.00249797160527261
93,0,Female,6,ISCED 7,0.0324455438411105
93,0,Female,7,ISCED 8,0.00401066308028531
93,1,Male,1,ISCED 0-1,0.0757377221028356
93,1,Male,2,ISCED 2,0.176738822789454
93,1,Male,3,ISCED 3,0.549976413858168
93,1,Male,4,ISCED 5,0.0581829434035266
93,1,Male,5,ISCED 6,0.0117368637142469
93,1,Male,6,ISCED 7,0.103412128518266
93,1,Male,7,ISCED 8,0.0242151056135018
94,0,Female,1,ISCED 0-1,0.154350488724513
94,0,Female,2,ISCED 2,0.434592569466126
94,0,Female,3,ISCED 3,0.332476764571676
94,0,Female,4,ISCED 5,0.0396259987110174
94,0,Female,5,ISCED 6,0.00249797160527261
94,0,Female,6,ISCED 7,0.0324455438411105
94,0,Female,7,ISCED 8,0.00401066308028531
94,1,Male,1,ISCED 0-1,0.0757377221028356
94,1,Male,2,ISCED 2,0.176738822789454
94,1,Male,3,ISCED 3,0.549976413858168
94,1,Male,4,ISCED 5,0.0581829434035266
94,1,Male,5,ISCED 6,0.0117368637142469
94,1,Male,6,ISCED 7,0.103412128518266
94,1,Male,7,ISCED 8,0.0242151056135018
95,0,Female,1,ISCED 0-1,0.154350488724513
95,0,Female,2,ISCED 2,0.434592569466126
95,0,Female,3,ISCED 3,0.332476764571676
95,0,Female,4,ISCED 5,0.0396259987110174
95,0,Female,5,ISCED 6,0.00249797160527261
95,0,Female,6,ISCED 7,0.0324455438411105
95,0,Female,7,ISCED 8,0.00401066308028531
95,1,Male,1,ISCED 0-1,0.0757377221028356
95,1,Male,2,ISCED 2,0.176738822789454
95,1,Male,3,ISCED 3,0.549976413858168
95,1,Male,4,ISCED 5,0.0581829434035266
95,1,Male,5,ISCED 6,0.0117368637142469
95,1,Male,6,ISCED 7,0.103412128518266
95,1,Male,7,ISCED 8,0.0242151056135018
96,0,Female,1,ISCED 0-1,0.154350488724513
96,0,Female,2,ISCED 2,0.434592569466126
96,0,Female,3,ISCED 3,0.332476764571676
96,0,Female,4,ISCED 5,0.0396259987110174
96,0,Female,5,ISCED 6,0.00249797160527261
96,0,Female,6,ISCED 7,0.0324455438411105
96,0,Female,7,ISCED 8,0.00401066308028531
96,1,Male,1,ISCED 0-1,0.0757377221028356
96,1,Male,2,ISCED 2,0.176738822789454
96,1,Male,3,ISCED 3,0.549976413858168
96,1,Male,4,ISCED 5,0.0581829434035266
96,1,Male,5,ISCED 6,0.0117368637142469
96,1,Male,6,ISCED 7,0.103412128518266
96,1,Male,7,ISCED 8,0.0242151056135018
97,0,Female,1,ISCED 0-1,0.154350488724513
97,0,Female,2,ISCED 2,0.434592569466126
97,0,Female,3,ISCED 3,0.332476764571676
97,0,Female,4,ISCED 5,0.0396259987110174
97,0,Female,5,ISCED 6,0.00249797160527261
97,0,Female,6,ISCED 7,0.0324455438411105
97,0,Female,7,ISCED 8,0.00401066308028531
97,1,Male,1,ISCED 0-1,0.0757377221028356
97,1,Male,2,ISCED 2,0.176738822789454
97,1,Male,3,ISCED 3,0.549976413858168
97,1,Male,4,ISCED 5,0.0581829434035266
97,1,Male,5,ISCED 6,0.0117368637142469
97,1,Male,6,ISCED 7,0.103412128518266
97,1,Male,7,ISCED 8,0.0242151056135018
98,0,Female,1,ISCED 0-1,0.154350488724513
98,0,Female,2,ISCED 2,0.434592569466126
98,0,Female,3,ISCED 3,0.332476764571676
98,0,Female,4,ISCED 5,0.0396259987110174
98,0,Female,5,ISCED 6,0.00249797160527261
98,0,Female,6,ISCED 7,0.0324455438411105
98,0,Female,7,ISCED 8,0.00401066308028531
98,1,Male,1,ISCED 0-1,0.0757377221028356
98,1,Male,2,ISCED 2,0.176738822789454
98,1,Male,3,ISCED 3,0.549976413858168
98,1,Male,4,ISCED 5,0.0581829434035266
98,1,Male,5,ISCED 6,0.0117368637142469
98,1,Male,6,ISCED 7,0.103412128518266
98,1,Male,7,ISCED 8,0.0242151056135018
99,0,Female,1,ISCED 0-1,0.154350488724513
99,0,Female,2,ISCED 2,0.434592569466126
99,0,Female,3,ISCED 3,0.332476764571676
99,0,Female,4,ISCED 5,0.0396259987110174
99,0,Female,5,ISCED 6,0.00249797160527261
99,0,Female,6,ISCED 7,0.0324455438411105
99,0,Female,7,ISCED 8,0.00401066308028531
99,1,Male,1,ISCED 0-1,0.0757377221028356
99,1,Male,2,ISCED 2,0.176738822789454
99,1,Male,3,ISCED 3,0.549976413858168
99,1,Male,4,ISCED 5,0.0581829434035266
99,1,Male,5,ISCED 6,0.0117368637142469
99,1,Male,6,ISCED 7,0.103412128518266
99,1,Male,7,ISCED 8,0.0242151056135018
100,0,Female,1,ISCED 0-1,0.154350488724513
100,0,Female,2,ISCED 2,0.434592569466126
100,0,Female,3,ISCED 3,0.332476764571676
100,0,Female,4,ISCED 5,0.0396259987110174
100,0,Female,5,ISCED 6,0.00249797160527261
100,0,Female,6,ISCED 7,0.0324455438411105
100,0,Female,7,ISCED 8,0.00401066308028531
100,1,Male,1,ISCED 0-1,0.0757377221028356
100,1,Male,2,ISCED 2,0.176738822789454
100,1,Male,3,ISCED 3,0.549976413858168
100,1,Male,4,ISCED 5,0.0581829434035266
100,1,Male,5,ISCED 6,0.0117368637142469
100,1,Male,6,ISCED 7,0.103412128518266
100,1,Male,7,ISCED 8,0.0242151056135018
101,0,Female,1,ISCED 0-1,0.154350488724513
101,0,Female,2,ISCED 2,0.434592569466126
101,0,Female,3,ISCED 3,0.332476764571676
101,0,Female,4,ISCED 5,0.0396259987110174
101,0,Female,5,ISCED 6,0.00249797160527261
101,0,Female,6,ISCED 7,0.0324455438411105
101,0,Female,7,ISCED 8,0.00401066308028531
101,1,Male,1,ISCED 0-1,0.0757377221028356
101,1,Male,2,ISCED 2,0.176738822789454
101,1,Male,3,ISCED 3,0.549976413858168
101,1,Male,4,ISCED 5,0.0581829434035266
101,1,Male,5,ISCED 6,0.0117368637142469
101,1,Male,6,ISCED 7,0.103412128518266
101,1,Male,7,ISCED 8,0.0242151056135018
102,0,Female,1,ISCED 0-1,0.154350488724513
102,0,Female,2,ISCED 2,0.434592569466126
102,0,Female,3,ISCED 3,0.332476764571676
102,0,Female,4,ISCED 5,0.0396259987110174
102,0,Female,5,ISCED 6,0.00249797160527261
102,0,Female,6,ISCED 7,0.0324455438411105
102,0,Female,7,ISCED 8,0.00401066308028531
102,1,Male,1,ISCED 0-1,0.0757377221028356
102,1,Male,2,ISCED 2,0.176738822789454
102,1,Male,3,ISCED 3,0.549976413858168
102,1,Male,4,ISCED 5,0.0581829434035266
102,1,Male,5,ISCED 6,0.0117368637142469
102,1,Male,6,ISCED 7,0.103412128518266
102,1,Male,7,ISCED 8,0.0242151056135018
103,0,Female,1,ISCED 0-1,0.154350488724513
103,0,Female,2,ISCED 2,0.434592569466126
103,0,Female,3,ISCED 3,0.332476764571676
103,0,Female,4,ISCED 5,0.0396259987110174
103,0,Female,5,ISCED 6,0.00249797160527261
103,0,Female,6,ISCED 7,0.0324455438411105
103,0,Female,7,ISCED 8,0.00401066308028531
103,1,Male,1,ISCED 0-1,0.0757377221028356
103,1,Male,2,ISCED 2,0.176738822789454
103,1,Male,3,ISCED 3,0.549976413858168
103,1,Male,4,ISCED 5,0.0581829434035266
103,1,Male,5,ISCED 6,0.0117368637142469
103,1,Male,6,ISCED 7,0.103412128518266
103,1,Male,7,ISCED 8,0.0242151056135018
104,0,Female,1,ISCED 0-1,0.154350488724513
104,0,Female,2,ISCED 2,0.434592569466126
104,0,Female,3,ISCED 3,0.332476764571676
104,0,Female,4,ISCED 5,0.0396259987110174
104,0,Female,5,ISCED 6,0.00249797160527261
104,0,Female,6,ISCED 7,0.0324455438411105
104,0,Female,7,ISCED 8,0.00401066308028531
104,1,Male,1,ISCED 0-1,0.0757377221028356
104,1,Male,2,ISCED 2,0.176738822789454
104,1,Male,3,ISCED 3,0.549976413858168
104,1,Male,4,ISCED 5,0.0581829434035266
104,1,Male,5,ISCED 6,0.0117368637142469
104,1,Male,6,ISCED 7,0.103412128518266
104,1,Male,7,ISCED 8,0.0242151056135018
105,0,Female,1,ISCED 0-1,0.154350488724513
105,0,Female,2,ISCED 2,0.434592569466126
105,0,Female,3,ISCED 3,0.332476764571676
105,0,Female,4,ISCED 5,0.0396259987110174
105,0,Female,5,ISCED 6,0.00249797160527261
105,0,Female,6,ISCED 7,0.0324455438411105
105,0,Female,7,ISCED 8,0.00401066308028531
105,1,Male,1,ISCED 0-1,0.0757377221028356
105,1,Male,2,ISCED 2,0.176738822789454
105,1,Male,3,ISCED 3,0.549976413858168
105,1,Male,4,ISCED 5,0.0581829434035266
105,1,Male,5,ISCED 6,0.0117368637142469
105,1,Male,6,ISCED 7,0.103412128518266
105,1,Male,7,ISCED 8,0.0242151056135018
106,0,Female,1,ISCED 0-1,0.154350488724513
106,0,Female,2,ISCED 2,0.434592569466126
106,0,Female,3,ISCED 3,0.332476764571676
106,0,Female,4,ISCED 5,0.0396259987110174
106,0,Female,5,ISCED 6,0.00249797160527261
106,0,Female,6,ISCED 7,0.0324455438411105
106,0,Female,7,ISCED 8,0.00401066308028531
106,1,Male,1,ISCED 0-1,0.0757377221028356
106,1,Male,2,ISCED 2,0.176738822789454
106,1,Male,3,ISCED 3,0.549976413858168
106,1,Male,4,ISCED 5,0.0581829434035266
106,1,Male,5,ISCED 6,0.0117368637142469
106,1,Male,6,ISCED 7,0.103412128518266
106,1,Male,7,ISCED 8,0.0242151056135018
107,0,Female,1,ISCED 0-1,0.154350488724513
107,0,Female,2,ISCED 2,0.434592569466126
107,0,Female,3,ISCED 3,0.332476764571676
107,0,Female,4,ISCED 5,0.0396259987110174
107,0,Female,5,ISCED 6,0.00249797160527261
107,0,Female,6,ISCED 7,0.0324455438411105
107,0,Female,7,ISCED 8,0.00401066308028531
107,1,Male,1,ISCED 0-1,0.0757377221028356
107,1,Male,2,ISCED 2,0.176738822789454
107,1,Male,3,ISCED 3,0.549976413858168
107,1,Male,4,ISCED 5,0.0581829434035266
107,1,Male,5,ISCED 6,0.0117368637142469
107,1,Male,6,ISCED 7,0.103412128518266
107,1,Male,7,ISCED 8,0.0242151056135018
108,0,Female,1,ISCED 0-1,0.154350488724513
108,0,Female,2,ISCED 2,0.434592569466126
108,0,Female,3,ISCED 3,0.332476764571676
108,0,Female,4,ISCED 5,0.0396259987110174
108,0,Female,5,ISCED 6,0.00249797160527261
108,0,Female,6,ISCED 7,0.0324455438411105
108,0,Female,7,ISCED 8,0.00401066308028531
108,1,Male,1,ISCED 0-1,0.0757377221028356
108,1,Male,2,ISCED 2,0.176738822789454
108,1,Male,3,ISCED 3,0.549976413858168
108,1,Male,4,ISCED 5,0.0581829434035266
108,1,Male,5,ISCED 6,0.0117368637142469
108,1,Male,6,ISCED 7,0.103412128518266
108,1,Male,7,ISCED 8,0.0242151056135018
109,0,Female,1,ISCED 0-1,0.154350488724513
109,0,Female,2,ISCED 2,0.434592569466126
109,0,Female,3,ISCED 3,0.332476764571676
109,0,Female,4,ISCED 5,0.0396259987110174
109,0,Female,5,ISCED 6,0.00249797160527261
109,0,Female,6,ISCED 7,0.0324455438411105
109,0,Female,7,ISCED 8,0.00401066308028531
109,1,Male,1,ISCED 0-1,0.0757377221028356
109,1,Male,2,ISCED 2,0.176738822789454
109,1,Male,3,ISCED 3,0.549976413858168
109,1,Male,4,ISCED 5,0.0581829434035266
109,1,Male,5,ISCED 6,0.0117368637142469
109,1,Male,6,ISCED 7,0.103412128518266
109,1,Male,7,ISCED 8,0.0242151056135018
110,0,Female,1,ISCED 0-1,0.154350488724513
110,0,Female,2,ISCED 2,0.434592569466126
110,0,Female,3,ISCED 3,0.332476764571676
110,0,Female,4,ISCED 5,0.0396259987110174
110,0,Female,5,ISCED 6,0.00249797160527261
110,0,Female,6,ISCED 7,0.0324455438411105
110,0,Female,7,ISCED 8,0.00401066308028531
110,1,Male,1,ISCED 0-1,0.0757377221028356
110,1,Male,2,ISCED 2,0.176738822789454
110,1,Male,3,ISCED 3,0.549976413858168
110,1,Male,4,ISCED 5,0.0581829434035266
110,1,Male,5,ISCED 6,0.0117368637142469
110,1,Male,6,ISCED 7,0.103412128518266
110,1,Male,7,ISCED 8,0.0242151056135018
